update,episodes,frames,FPS,duration,return_mean,return_std,return_min,return_max,return_bolt_mean,return_bolt_std,return_bolt_min,return_bolt_max,return_vanilla_mean,return_vanilla_std,return_vanilla_min,return_vanilla_max,success_rate,num_frames_mean,num_frames_std,num_frames_min,num_frames_max,entropy,value,policy_loss,value_loss,loss,grad_norm
10,454,25600,147.5704075973109,152,0.34370117308571935,0.5122566910174651,0.0,2.5374999046325684,0.07675781240686774,0.32932450378001066,0.0,1.9031250476837158,0.26694336044602096,0.3445306109253486,0.0,0.9859374761581421,0.40625,47.90625,21.263759332194766,1.0,64.0,1.8059363126754762,1.3834933638572693,-1.1125120423734187,31.23200218677521,14.48543119430542,3.911181926727295
20,1034,51200,185.1210001447877,301,0.4421630878932774,0.4199958629800649,0.0,1.975000023841858,0.04299316555261612,0.24010080195535466,0.0,1.4812500476837158,0.39916992327198386,0.33675919022646067,0.0,0.971875011920929,0.65625,40.28125,21.121278333412967,2.0,64.0,1.7801878899335861,2.2578531920909883,-1.0063355438411237,17.859835290908812,7.905781030654907,5.444085121154785
30,1792,76800,182.01050015764474,449,0.6236213238800273,0.5054750442663702,0.0,2.481250047683716,0.10362132366965798,0.37876284728528875,0.0,1.860937476158142,0.5200000002980232,0.34206839590195115,0.0,0.9859374761581421,0.7529411764705882,32.37647058823529,21.706586948551294,1.0,64.0,1.4826775342226028,4.2390081763267515,-2.6971992909908296,59.16872391700745,26.87233257293701,14.96729564666748
40,2748,102400,198.6996374932296,595,0.7082735659157644,0.39169181160978167,0.0,3.0999999046325684,0.044800205064601584,0.26396286259250185,0.0,2.325000047683716,0.6634733612175847,0.3088763605996265,0.0,0.971875011920929,0.8852459016393442,23.114754098360656,20.262699608673458,2.0,64.0,1.2527659296989442,5.606087565422058,-2.918614223599434,45.29899637699127,19.71835708618164,16.17638635635376
50,3940,128000,232.6990587378723,722,0.7418803414727888,0.473845446466359,0.0,3.3812499046325684,0.08281250030566485,0.3772384126438878,0.0,2.535937547683716,0.6590678411671239,0.303206716749736,0.0,0.9859374761581421,0.8803418803418803,23.39316239316239,19.760081172606238,1.0,64.0,1.2197408556938172,6.897898602485657,-2.1656657591462136,52.827751541137694,24.236013412475586,19.953978538513184
60,5372,153600,227.7009367650757,855,0.845335145359454,0.48804607700611224,0.0,3.268749952316284,0.11341711835584779,0.449305907924975,0.0,2.4515624046325684,0.7319180252759353,0.2432647464866621,0.0,0.9859374761581421,0.9492753623188406,18.702898550724637,16.25227271522349,1.0,64.0,1.1735927641391755,8.081500256061553,-2.5994669914245607,57.71180748939514,26.244699478149414,20.856657028198242
70,6917,179200,223.69179542037378,974,0.8661361886763278,0.4380331794899854,0.0,3.0999999046325684,0.09293981466764285,0.41069799839105037,0.0,2.325000047683716,0.7731963736407551,0.22071377758322136,0.0,0.9859374761581421,0.9567901234567902,15.820987654320987,14.650624358240414,1.0,64.0,1.003834383189678,8.539277410507202,-3.675751742720604,86.44866762161254,39.53854179382324,32.78138446807861
80,8650,204800,219.9982895835103,1090,0.8750157827379728,0.3526237096711948,0.0,3.4375,0.050189394240427496,0.3258332817414199,0.0,2.578125,0.8248263892501292,0.16885998837233732,0.0,0.9859374761581421,0.9797979797979798,12.313131313131313,11.328560906623581,1.0,64.0,0.8620609313249588,9.54642186164856,-3.091185921430588,55.849631023406985,24.8250093460083,27.1174955368042
90,10589,230400,219.14683014733086,1206,0.8738524370915662,0.33941039377203575,0.0,3.3812499046325684,0.04351011499824366,0.30386407144813155,0.0,2.535937547683716,0.8303423228352891,0.17973579917491897,0.0,0.9859374761581421,0.979253112033195,11.91701244813278,12.12287372791953,1.0,64.0,0.8590520963072776,10.129527807235718,-3.8277889847755433,67.3690215587616,29.848129272460938,27.70215606689453
100,12710,256000,219.26925836905315,1323,0.9016211884962001,0.3619491861664336,0.0,3.4375,0.06056338100925857,0.34812590722680725,0.0,2.578125,0.8410578072071075,0.16867263980973038,0.0,0.9859374761581421,0.9812206572769953,11.169014084507042,11.350149529109077,1.0,64.0,0.8644188597798348,10.351542234420776,-3.283416897058487,70.09580936431885,31.755845069885254,23.38390827178955
110,14737,281600,167.5687106391952,1494,0.8561955851998495,0.278152839306179,0.0,2.9312500953674316,0.0402285447761194,0.24876287431390431,0.0,2.198437452316284,0.8159670404237301,0.1969826411102445,0.0,0.9859374761581421,0.9800995024875622,12.945273631840797,13.445374652719472,1.0,64.0,0.8121658712625504,10.619435381889343,-2.3285380721092226,37.71682510375976,16.52175235748291,22.456446647644043
120,16914,307200,165.8738171001968,1647,0.8987824672357344,0.33258188599910044,0.11406250298023224,3.15625,0.05529626545967994,0.32894890219353407,0.0,2.3671875,0.8434862006149251,0.146662513009858,0.11406250298023224,0.9859374761581421,1.0,11.12987012987013,10.429334232694162,1.0,63.0,0.7458360299468041,11.796573567390443,-3.21237707734108,62.925956678390506,28.24314308166504,21.28171730041504
130,19252,332800,162.38514447193052,1803,0.8973353226897133,0.38298849857662515,0.0,3.3812499046325684,0.06476919148967474,0.36387653437873524,0.0,2.535937547683716,0.8325661326530563,0.17622679537083308,0.0,0.9859374761581421,0.983402489626556,11.78838174273859,11.995539881526518,1.0,64.0,0.6234963655471801,12.065643906593323,-2.5348467662930485,61.3183571100235,28.118093490600586,20.7972354888916
140,21578,358400,162.8952468405553,1959,0.8655786554692155,0.1846806716088014,0.0,2.59375,0.008242849576271187,0.1263604912431216,0.0,1.9453125,0.8573358058929443,0.14691429931460645,0.0,0.9859374761581421,0.9915254237288136,10.084745762711865,10.110471389357889,1.0,64.0,0.7359332218766212,11.931734228134154,-1.1824616111814976,19.82945374250412,8.72490644454956,18.629161834716797
150,24169,384000,160.55978918245697,2115,0.890985578539883,0.2970889379532351,0.0,3.15625,0.036987602228095176,0.27296046900101145,0.0,2.3671875,0.853997977035731,0.16231275593114344,0.0,0.9859374761581421,0.9838056680161943,10.267206477732794,10.95636623256745,1.0,64.0,0.5960210129618645,12.312297201156616,-1.8137020349502564,42.44524371623993,19.40295934677124,16.434657096862793
160,26650,409600,172.92502585359543,2279,0.9341554759947721,0.39816500520334464,0.0,3.606250047683716,0.07740185920857201,0.4021592318612779,0.0,2.7046875953674316,0.8567536160472996,0.1327274298657052,0.0,0.9859374761581421,0.9958677685950413,10.15702479338843,9.258017088142793,1.0,64.0,0.564689913392067,12.84156529903412,-2.368913102149963,77.55822346210479,36.40455627441406,31.354134559631348
170,29128,435200,168.86354886273642,2426,0.8721735283611266,0.2994279406849277,0.0,3.268749952316284,0.03645198131964459,0.2622154994251466,0.0,2.4515624046325684,0.8357215464357438,0.18735987522347572,0.0,0.9859374761581421,0.9715447154471545,11.479674796747968,12.44424939414482,1.0,64.0,0.6086744874715805,13.577278470993042,-0.5866274021565915,43.85575156211853,21.33516025543213,40.854366302490234
180,31568,460800,166.08561764474865,2572,0.8890887621571036,0.3356940126413972,0.0,3.606250047683716,0.039784664867304954,0.30544702440865557,0.0,2.7046875953674316,0.8493040982915574,0.15400437219993754,0.0,0.9859374761581421,0.9831932773109243,10.596638655462185,10.311794118632333,1.0,64.0,0.6340231671929359,13.996731519699097,-0.6448781661689282,39.420662426948546,19.059109687805176,11.570777893066406
190,34075,486400,166.5891686660105,2722,0.9390315016702054,0.3820459606348658,0.0,3.549999952316284,0.08156622023809523,0.39691328307230167,0.0,2.6624999046325684,0.857465280722531,0.13724877952721182,0.0,0.9859374761581421,0.9920634920634921,10.079365079365079,9.421861756678197,1.0,64.0,0.6537973001599311,14.09365520477295,-2.249323073029518,73.33024582862853,34.409263610839844,22.722722053527832
200,36666,512000,169.5917871304006,2869,0.910577749775857,0.29367240592307853,0.0,3.3812499046325684,0.03588917574931666,0.27959263407966345,0.0,2.535937547683716,0.8746885752555021,0.13372273410624494,0.0,0.9859374761581421,0.9965635738831615,8.88659793814433,9.357221099651438,1.0,64.0,0.5881678521633149,13.904138803482056,-0.9242931677494198,40.02070922851563,19.08017873764038,20.188944816589355
210,39258,537600,166.84478454848434,3036,0.935418653692908,0.39605395317060044,0.0,3.4937500953674316,0.07358659314745256,0.3968706380540421,0.0,2.620312452316284,0.8618320599767088,0.13257753670458544,0.0,0.9859374761581421,0.9923664122137404,9.770992366412214,9.08909663504372,1.0,64.0,0.6253102838993072,14.194751977920532,-1.4012260222807527,62.60196183919906,29.89349937438965,22.06716012954712
220,41753,563200,168.64380340306704,3191,0.9226412846781742,0.3789936819453467,0.0,3.325000047683716,0.06952227006926848,0.37604812454750364,0.0,2.4937500953674316,0.8531190144947205,0.15280227019489345,0.0,0.9859374761581421,0.9961685823754789,10.417624521072797,10.721746963934208,1.0,64.0,0.5800889797508717,13.571445894241332,-1.9888773649930953,68.76179466247558,32.386223793029785,35.452778816223145
230,44138,588800,180.72531972677456,3346,0.9205434797898583,0.4718052924405449,0.0,3.606250047683716,0.10021059824072796,0.452534695441262,0.0,2.7046875953674316,0.8203328821970068,0.1974963505826415,0.0,0.9859374761581421,0.9782608695652174,12.621739130434783,13.426788813599124,1.0,64.0,0.685687392950058,13.732482528686523,-1.6685231048613787,83.34825067520143,39.998748779296875,15.352372169494629
240,46567,614400,188.6259328402946,3479,0.9201098332594628,0.39920566554287457,0.0,3.4375,0.07023404781788463,0.3843261945635293,0.0,2.578125,0.8498757850674905,0.17111207158537087,0.0,0.9859374761581421,0.9832635983263598,10.556485355648535,11.597681821404597,1.0,64.0,0.633670736849308,13.99055998325348,-1.1814356952905656,66.89696025848389,32.26070976257324,20.618194580078125
250,49131,640000,166.88369986505435,3618,0.9022051418320306,0.3299810745607813,0.0,3.2125000953674316,0.058159021119917595,0.32996887383538404,0.0,2.409374952316284,0.8440461191498945,0.15278923540430803,0.0,0.9859374761581421,0.9879032258064516,11.004032258064516,10.40800637221753,1.0,64.0,0.6134946405887604,14.706266260147094,-1.4097346148453653,48.65688091516495,22.912569999694824,16.77393102645874
260,51880,665600,186.576785233272,3770,0.9127983949664566,0.2897219154418056,0.0,3.4375,0.044498698165019356,0.29409626744626727,0.0,2.578125,0.8682996974223189,0.12546216904349328,0.0,0.9859374761581421,0.9930555555555556,9.315972222222221,8.593490456237827,1.0,64.0,0.440411639213562,15.521023917198182,-0.6856184170581401,40.67152194976807,19.645739316940308,11.753965854644775
270,54793,691200,182.09317971013223,3908,0.9491000452964129,0.4233177717044663,0.0,3.606250047683716,0.07513250984488444,0.4174188458275988,0.0,2.7046875953674316,0.8739675360833798,0.12792161234302768,0.0,0.9859374761581421,0.9893992932862191,8.886925795053003,8.597062039340797,1.0,64.0,0.5056303039193153,15.330741834640502,-1.1945470687001944,72.48177664279937,35.04128837585449,11.03658676147461
280,57642,716800,188.0469239098121,4046,0.9248454089510146,0.3641587466446541,0.0,3.7750000953674316,0.0597614833407183,0.36342232186248213,0.0,2.831249952316284,0.8650839246625193,0.11619689764567781,0.0,0.9859374761581421,0.9964664310954063,9.568904593639576,8.084668201653482,1.0,64.0,0.5351143814623356,15.747926378250122,-0.9997902545146644,50.5246554851532,24.25718593597412,9.922721862792969
290,60357,742400,186.8245900789341,4181,0.9331818175857718,0.33381776055764495,0.12812499701976776,3.3812499046325684,0.054579544934359465,0.34030428794311285,0.0,2.535937547683716,0.8786022726514122,0.1111039609667377,0.12812499701976776,0.9859374761581421,1.0,8.632727272727273,7.900726193215741,1.0,62.0,0.6074576690793038,15.070867896080017,-0.3124798503704369,38.60683734416962,18.984865188598633,13.344667911529541
300,63061,768000,191.8810997545029,4314,0.9618062035583738,0.47163842757123753,0.0,3.4375,0.10602845251560211,0.47130917773893016,0.0,2.578125,0.8557777528498155,0.16186766267805752,0.0,0.9859374761581421,0.9813432835820896,10.123134328358208,10.829226720778156,1.0,64.0,0.54399558827281,15.467783689498901,-1.7441156774759292,92.5367139339447,44.51880073547363,17.88775873184204
310,65722,793600,196.27118001508214,4462,0.9129837872031842,0.3645790273785671,0.0,3.15625,0.07239147459612731,0.3685333735031157,0.0,2.3671875,0.8405923129811447,0.15737282634323382,0.0,0.9859374761581421,0.9916317991631799,11.276150627615063,10.887744839625537,1.0,64.0,0.5687582358717919,15.366532826423645,-0.8495740357786417,60.589136075973514,29.43930673599243,13.672451972961426
320,68507,819200,198.57439678094536,4591,0.912579720371029,0.27850822812838244,0.11406250298023224,3.6624999046325684,0.03148915816326531,0.27024294208600436,0.0,2.746875047683716,0.8810905622077637,0.1033278413216901,0.11406250298023224,0.9859374761581421,1.0,8.45578231292517,7.347757575940378,1.0,63.0,0.4739526227116585,15.707046627998352,-0.4457937645260245,37.30078187584877,18.199857711791992,8.95448350906372
330,71215,844800,212.97082088118088,4741,0.9025313618148955,0.2515792760453843,0.0,2.8187499046325684,0.02925067221392013,0.2426488062103988,0.0,2.114062547683716,0.8732806900282487,0.12521616918717238,0.0,0.9859374761581421,0.996415770609319,8.985663082437275,8.73503690442187,1.0,64.0,0.5517260313034058,15.310735273361207,0.10382009744644163,19.742150568962096,9.969377994537354,6.513355731964111
340,74018,870400,220.8556871158136,4861,0.9197856829540939,0.3891402656989327,0.0,3.606250047683716,0.06528376436781609,0.3743031445848877,0.0,2.7046875953674316,0.854501917901167,0.16326142929623844,0.0,0.9859374761581421,0.9846743295019157,10.237547892720306,11.05910142169648,1.0,64.0,0.5912262044847012,14.791972541809082,-0.4693106912076473,58.68089666366577,28.86522674560547,12.698054790496826
350,76833,896000,220.28794577233697,4982,0.9580658772909963,0.3980153884645242,0.33906251192092896,3.4375,0.0765519432119421,0.4105095236933744,0.0,2.578125,0.8815139356899906,0.0927858801979007,0.33906251192092896,0.9859374761581421,1.0,8.425675675675675,6.5981070342450705,1.0,47.0,0.4819201812148094,15.325372433662416,-1.5883689135313035,71.40820662379264,34.11091327667236,11.070963859558105
360,79801,921600,222.16684914316397,5115,0.90500558167696,0.29301683233096926,0.0,3.0999999046325684,0.03850446428571429,0.28699997602879895,0.0,2.325000047683716,0.8665011173912457,0.11965428247342395,0.0,0.9859374761581421,0.9964285714285714,9.467857142857143,8.333604672453253,1.0,64.0,0.6488130450248718,15.57521195411682,-0.2526090955361724,37.94707863330841,18.71444320678711,8.490192890167236
370,82654,947200,210.71393052912413,5235,0.9742610585818652,0.42696865756264996,0.47968751192092896,3.4937500953674316,0.10458032361867195,0.45511648381353703,0.0,2.620312452316284,0.8696807323810426,0.10814567968779933,0.296875,0.9859374761581421,1.0,9.267148014440433,7.690359440772079,1.0,50.0,0.52981389015913,15.84324004650116,-2.7398225918412207,98.29562997817993,46.402692794799805,20.333383083343506
380,85479,972800,215.3057785422993,5358,0.9724131969390092,0.45751087641151233,0.25468748807907104,3.7750000953674316,0.10272569523917305,0.47086684222716507,0.0,2.831249952316284,0.8696875016998362,0.10692843979541045,0.2265625,0.9859374761581421,1.0,9.266666666666667,7.6038002194809,1.0,55.0,0.5398195177316666,15.614465165138245,-2.050345128774643,92.83142223358155,44.35996627807617,13.953389167785645
390,88092,998400,139.37765608131767,5492,0.9616887021523256,0.44293022353081013,0.17031249403953552,3.549999952316284,0.09349759496175326,0.45107604837623017,0.0,2.6624999046325684,0.8681911069613236,0.1165799058106792,0.17031249403953552,0.9859374761581421,1.0,9.373076923076923,8.290126550593307,1.0,59.0,0.5406750589609146,15.150824165344238,-1.6464763816446066,89.30187790989876,42.999053955078125,27.955031394958496
400,90928,1024000,192.7454881774627,5623,0.9425810205715673,0.4094145878934436,0.0,3.606250047683716,0.07628472248713175,0.4089789896213652,0.0,2.7046875953674316,0.866296298581141,0.13091240867012371,0.0,0.9859374761581421,0.9962962962962963,9.481481481481481,9.143588607326306,1.0,64.0,0.48199070394039156,15.645425605773926,-0.7047983454540372,62.8734192609787,30.727092742919922,10.303284645080566
410,93855,1049600,203.78106745501708,5765,0.9412014571208398,0.33827389998672597,0.296875,3.4375,0.05979975720439528,0.35374321585463187,0.0,2.578125,0.8814016997235493,0.09435748561185817,0.296875,0.9859374761581421,1.0,8.433656957928802,6.709865693879047,1.0,50.0,0.34482989534735675,16.220090508461,-0.6015324609354138,44.41004800796509,21.600043296813965,12.500885486602783
420,96860,1075200,205.02370894083745,5891,0.9316795548212897,0.31484728800342937,0.0,3.325000047683716,0.050998711504067755,0.3266129559420496,0.0,2.4937500953674316,0.880680843112395,0.09710152456589002,0.0,0.9859374761581421,0.9965635738831615,8.460481099656358,6.692637266651773,1.0,64.0,0.3691468916833401,16.001681613922116,-0.8698017917573453,57.09336366653442,27.673190116882324,9.509607791900635
430,99756,1100800,190.2309812349062,6019,0.8936220146334212,0.1913671773879129,0.0,2.9312500953674316,0.014286475783728903,0.17254846476363947,0.0,2.198437452316284,0.879335538035977,0.10949389945536359,0.0,0.9859374761581421,0.9965870307167235,8.556313993174061,7.600143886529224,1.0,64.0,0.4225033067166805,15.813321423530578,-0.021727370144799352,20.543413704633714,10.245755195617676,9.992613792419434
440,102534,1126400,220.07638773796972,6146,0.974906994828156,0.4855374587547339,0.0,3.4937500953674316,0.11795014663348122,0.4954309777873109,0.0,2.620312452316284,0.8569568463024639,0.13979176296117132,0.0,0.9859374761581421,0.9880952380952381,10.087301587301587,9.439044074270933,1.0,64.0,0.48326532915234566,15.53196918964386,-1.842097283899784,110.2896845817566,53.29790687561035,15.409463882446289
450,105355,1152000,216.3638716110485,6267,0.957218071580797,0.423628399563386,0.0,3.549999952316284,0.08609035352002019,0.42911678144786963,0.0,2.6624999046325684,0.8711277190325917,0.13270025640069094,0.0,0.9859374761581421,0.9891304347826086,9.08695652173913,8.94506443206318,1.0,64.0,0.40936820581555367,16.286043787002562,-0.7372157119214534,76.52517833709717,37.52128028869629,22.838733196258545
460,108285,1177600,214.55791461267322,6402,0.9399545010022277,0.36496379810851765,0.0,3.3812499046325684,0.060272989373554214,0.3647475804377865,0.0,2.535937547683716,0.8796815130274415,0.12281735406463254,0.0,0.9859374761581421,0.9961685823754789,8.528735632183908,8.547598188955856,1.0,64.0,0.48003332763910295,15.667778897285462,0.3052533768117428,48.50360105037689,24.552254676818848,23.60364818572998
470,111118,1203200,221.49069664949837,6526,0.9341163449996227,0.3839782363618356,0.0,3.4375,0.061982684844249,0.3755442917153048,0.0,2.578125,0.8721336589471714,0.13392743216039885,0.0,0.9859374761581421,0.9864864864864865,8.996621621621621,8.913813418938082,1.0,64.0,0.4458328850567341,16.166423964500428,-0.38494628060143443,64.943771982193,32.082481384277344,29.01028871536255
480,114062,1228800,218.52392057875628,6644,0.9767080737937311,0.42730601567084514,0.15625,3.606250047683716,0.09375000074043037,0.44701935125754755,0.0,2.7046875953674316,0.8829580740713925,0.09613464150837764,0.15625,0.9859374761581421,1.0,8.322981366459627,6.836241098271041,1.0,60.0,0.3892616294324398,16.99467043876648,-1.6608654670417309,87.72163128852844,42.19605827331543,11.862741947174072
490,116950,1254400,202.62361106236156,6763,0.9914463946941813,0.5054486308322438,0.0,3.325000047683716,0.1326951594220791,0.5201064034366895,0.0,2.4937500953674316,0.8587512357432852,0.14419708007217633,0.0,0.9859374761581421,0.9920948616600791,9.988142292490119,9.933566767422256,1.0,64.0,0.4292654894292355,16.099524307250977,-1.968965670466423,123.57547569274902,59.814476013183594,30.73959732055664
500,119741,1280000,207.80555622969902,6882,0.9228199114912583,0.30122224461084024,0.0,3.325000047683716,0.054508399586432534,0.31416315471951,0.0,2.4937500953674316,0.8683115121404172,0.1375395450736268,0.0,0.9859374761581421,0.9920948616600791,9.308300395256918,9.440044334233411,1.0,64.0,0.5461430333554744,15.242415189743042,-0.23648627549409873,41.36050562858581,20.438306093215942,23.30733585357666
510,122586,1305600,165.65895228257634,7024,0.9453728100709747,0.38157526942296244,0.0,3.4937500953674316,0.0680921060997143,0.38817532190578546,0.0,2.620312452316284,0.8772807041803996,0.10414882490990267,0.0,0.9859374761581421,0.9964912280701754,8.701754385964913,7.205175801161181,1.0,64.0,0.5008086621761322,15.959442162513731,-1.0238573767244816,59.39055759906769,28.666412353515625,14.391710758209229
520,125659,1331200,215.36225490761416,7160,0.9388665745624554,0.3771936783888694,0.0,3.6624999046325684,0.055383033513275434,0.3703912764836941,0.0,2.746875047683716,0.8834835425439673,0.09716340879314868,0.0,0.9859374761581421,0.9968652037617555,8.263322884012538,6.715415494173259,1.0,64.0,0.45377823188900945,16.15629642009735,-0.6815216287970544,45.57412409186363,22.101003646850586,7.371829032897949
530,128786,1356800,196.92655851661993,7281,0.9349763580646954,0.324676500646399,0.4234375059604645,3.4375,0.05103823895517148,0.33514742183850776,0.0,2.578125,0.8839381179331165,0.08186078666064095,0.4234375059604645,0.9859374761581421,1.0,8.25328947368421,5.821211414925386,1.0,41.0,0.3678300760686397,16.307762598991395,-1.0141076549887658,54.90029397010804,26.43235969543457,13.488251686096191
540,131763,1382400,82.46170796635163,7485,0.9874141499018058,0.4893084675065242,0.0,3.549999952316284,0.11584821267005725,0.49839674898180625,0.0,2.6624999046325684,0.8715659351575942,0.13570337138110994,0.0,0.9859374761581421,0.989010989010989,9.054945054945055,9.164387160631533,1.0,64.0,0.4421582564711571,16.098647689819337,-1.0903908841311931,94.22944402694702,46.01991081237793,20.615564346313477
550,134808,1408000,101.06045759789505,7750,0.9351486644698578,0.2657750344534528,0.26875001192092896,3.0999999046325684,0.05078883502861443,0.29994460043971893,0.0,2.325000047683716,0.8843598299234816,0.09382594423225785,0.26875001192092896,0.9859374761581421,1.0,8.223300970873787,6.672067124848042,1.0,52.0,0.3616440467536449,16.21285729408264,-1.4630657739937307,53.9213698387146,25.49400234222412,11.09287977218628
560,137926,1433600,79.6764057366143,7984,0.9720995803491785,0.44467787257877767,0.0,3.4937500953674316,0.08972190443528902,0.4513527289726469,0.0,2.620312452316284,0.8823776764607211,0.10572038738050012,0.0,0.9859374761581421,0.9969418960244648,8.34250764525994,7.344647751420703,1.0,64.0,0.309086412936449,16.69510989189148,-1.2224801757372916,74.93860719203948,36.24373435974121,9.521602153778076
570,141106,1459200,178.27640938764978,8238,0.9672123804024071,0.43110730212605325,0.0,3.606250047683716,0.08643511184461557,0.4399014432403846,0.0,2.7046875953674316,0.8807772686527033,0.10300898612575404,0.0,0.9859374761581421,0.9968152866242038,8.455414012738853,7.140062756459013,1.0,64.0,0.31872040033340454,16.962407445907594,-0.7657595362514258,74.07193355560304,36.267019271850586,13.962496757507324
580,144323,1484800,189.02575515990108,8370,0.9395190774426831,0.3246223228349747,0.24062499403953552,3.325000047683716,0.05078632297453942,0.3345072163706764,0.0,2.4937500953674316,0.8887327542746222,0.0862513316805458,0.24062499403953552,0.9859374761581421,1.0,7.912337662337662,6.133427972282624,1.0,54.0,0.29711315110325814,16.97772660255432,-0.47536452431231735,57.95690784454345,28.500117301940918,13.67107343673706
590,147439,1510400,180.63397042697838,8507,0.9981990655908337,0.4608602400610512,0.0,3.549999952316284,0.11490462546224718,0.48738649243903237,0.0,2.6624999046325684,0.8832944395480218,0.10329579380724879,0.0,0.9859374761581421,0.9967532467532467,8.275974025974026,7.1567655321690005,1.0,64.0,0.27677652314305307,17.36089997291565,-1.731048146262765,95.53662014007568,46.034494400024414,17.275245666503906
600,150300,1536000,184.257977478776,8642,0.9520242711420321,0.42457837562189593,0.0,3.606250047683716,0.07641752704312302,0.42083145856987214,0.0,2.7046875953674316,0.8756067454302844,0.12260474680549859,0.0,0.9859374761581421,0.9965635738831615,8.8213058419244,8.552387159724963,1.0,64.0,0.4050388276576996,17.178079080581664,0.3281111910939216,54.78638465404511,27.71725368499756,11.463164806365967
610,153217,1561600,194.91151086170476,8793,0.9747055480907754,0.3864942567502803,0.0,3.4937500953674316,0.08212386039977378,0.4118071196204434,0.0,2.620312452316284,0.8925816874192478,0.09404391697643903,0.0,0.9859374761581421,0.9969604863221885,7.617021276595745,6.49099087626676,1.0,64.0,0.35867844261229037,16.7716926574707,-1.5010959655046463,72.75722880363465,34.87393569946289,11.291103839874268
620,156259,1587200,176.75825994140058,8978,0.9496885216703602,0.3601034603606918,0.0,3.3812499046325684,0.06812193736531376,0.37657129502992365,0.0,2.535937547683716,0.8815665852789786,0.10171327571155746,0.0,0.9859374761581421,0.9967320261437909,8.398692810457517,7.040350434386624,1.0,64.0,0.45331059321761136,16.703218746185303,-0.3265317277982831,48.072643518447876,23.705256462097168,25.91464138031006
630,159322,1612800,205.22893162996706,9097,0.9149682209653369,0.2869601351900041,0.0,3.549999952316284,0.04488876997414282,0.2878813011241627,0.0,2.6624999046325684,0.8700794490212101,0.14488028112496715,0.0,0.9859374761581421,0.9864406779661017,9.142372881355932,9.741057670444498,1.0,64.0,0.4378811754286289,16.059515738487242,-0.5254157606512309,38.35934463739395,18.649877071380615,9.508941650390625
640,162535,1638400,222.16023449871497,9231,0.9872983875774568,0.4826838713653353,0.3109374940395355,3.606250047683716,0.09734879155312814,0.48592876639337,0.0,2.7046875953674316,0.88994959737024,0.07995183236571975,0.3109374940395355,0.9859374761581421,1.0,7.825806451612904,5.685463509457934,1.0,49.0,0.34990653917193415,16.457203149795532,-1.6340267609804868,91.68060884475707,44.20277404785156,20.0994234085083
650,165735,1664000,214.9195267110727,9351,0.9669794906219092,0.4179949973022009,0.0,3.549999952316284,0.07931017654229983,0.4257575637431356,0.0,2.6624999046325684,0.8876693120497299,0.09598429220501606,0.0,0.9859374761581421,0.9969040247678018,7.96594427244582,6.630594579663771,1.0,64.0,0.3905714251101017,16.598027753829957,-1.1733854742720724,66.2596044063568,31.952512741088867,11.389989852905273
660,168830,1689600,201.43090551230586,9486,0.9892130398572085,0.47716967648193215,0.0,3.71875,0.11167462561217653,0.4897865493180757,0.0,2.7890625,0.8775384138489879,0.12472446093383735,0.0,0.9859374761581421,0.9933554817275747,8.661129568106313,8.549918927933879,1.0,64.0,0.37768838107585906,16.476881361007692,-1.9648674324154856,100.07852034568786,48.070613861083984,23.150696754455566
670,171884,1715200,202.74422013603518,9609,0.9558742098227332,0.3952716084895879,0.0,3.4375,0.07439181284059453,0.40375027575364336,0.0,2.578125,0.8814823981138724,0.10958966918048127,0.0,0.9859374761581421,0.9936708860759493,8.382911392405063,7.443599689257936,1.0,64.0,0.3230668757110834,16.019695281982422,-1.1296951767988503,65.28711359500885,31.510631561279297,31.804180145263672
680,175029,1740800,216.5876312967244,9733,0.9455929491430138,0.3682229036554998,0.0,3.549999952316284,0.060847355387149714,0.36942138200261443,0.0,2.6624999046325684,0.8847455943767459,0.1154777262514695,0.0,0.9859374761581421,0.9967948717948718,8.173076923076923,8.04527529890112,1.0,64.0,0.38260499089956285,16.386819553375243,-0.41661974815651776,57.2782341003418,28.218669891357422,17.086822509765625
690,178128,1766400,214.7646310731575,9854,1.0231722611014122,0.5318031184807916,0.0,3.606250047683716,0.13059895899560717,0.5446418185568884,0.0,2.7046875953674316,0.8925733037614896,0.100950206973104,0.0,0.9859374761581421,0.9969135802469136,7.617283950617284,6.993061642913943,1.0,64.0,0.3245762705802917,16.31237232685089,-2.503115084767342,121.11125812530517,58.04926872253418,19.330342292785645
700,181203,1792000,183.92002810233785,9981,0.9257917366671882,0.2931439750916555,0.0,3.268749952316284,0.04783452177207742,0.3035193757180572,0.0,2.4515624046325684,0.8779572150951264,0.12190681102825558,0.0,0.9859374761581421,0.9932885906040269,8.630872483221477,8.33835561765977,1.0,64.0,0.3275570899248123,15.837736415863038,-1.0644451619125903,51.557455635070795,24.711008071899414,17.193152904510498
710,184454,1817600,205.59498809694085,10115,1.008659638913281,0.4991405364033976,0.0,3.606250047683716,0.1176534277128886,0.5135745586758,0.0,2.7046875953674316,0.891006212816181,0.09987436704626379,0.0,0.9859374761581421,0.9939759036144579,7.707831325301205,6.731659518659815,1.0,64.0,0.2657987933605909,16.6480731010437,-2.7824613831937315,125.97488045692444,60.202317237854004,26.20139980316162
720,187647,1843200,175.35712847384096,10239,0.9090238189270131,0.2662316616047882,0.0,3.3812499046325684,0.024643730262980012,0.24808256744668314,0.0,2.535937547683716,0.8843800896347929,0.1071836899906703,0.0,0.9859374761581421,0.996742671009772,8.19869706840391,7.439414244136066,1.0,64.0,0.31120961382985113,16.486875963211062,0.7181361731141805,23.28542661070824,12.3577378988266,9.092848300933838
730,190895,1868800,206.07363733573382,10360,0.9766247943786291,0.46404459058005504,0.0,3.606250047683716,0.09451308202901948,0.4663185799506761,0.0,2.7046875953674316,0.8821117127456538,0.11705867340062007,0.0,0.9859374761581421,0.9900332225913622,8.312292358803987,7.8037908239199,1.0,64.0,0.3363571647554636,16.24106719493866,-1.8064608842134475,96.80405502319336,46.592201232910156,17.078585624694824
740,194099,1894400,210.98799745723878,10482,0.9634396110636156,0.4200078064890686,0.0,3.549999952316284,0.08326646927240733,0.4272538078333324,0.0,2.6624999046325684,0.8801731409857402,0.1188239974257637,0.0,0.9859374761581421,0.9932432432432432,8.472972972972974,8.106925589444067,1.0,64.0,0.28785519376397134,15.801165056228637,-1.1120699707418682,82.67620000839233,40.223154067993164,24.18870782852173
750,197169,1920000,223.6216820902067,10603,0.9737968742847443,0.4389808532137476,0.32499998807907104,3.606250047683716,0.08934375007947286,0.45031767136576306,0.0,2.7046875953674316,0.884453125,0.08629425293546096,0.32499998807907104,0.9859374761581421,1.0,8.216666666666667,6.136480170984738,1.0,48.0,0.2512160260230303,17.450582218170165,-0.7930442251265049,71.82476043701172,35.11682415008545,21.112051963806152
760,200466,1945600,225.2576619026992,10730,0.9809432519725495,0.4501576202001493,0.0,3.6624999046325684,0.09193826672489658,0.4595254609328024,0.0,2.746875047683716,0.8890049848819803,0.0923824873954332,0.0,0.9859374761581421,0.9969325153374233,7.871165644171779,6.368198635092783,1.0,64.0,0.2751628361642361,17.020266437530516,-1.4750434294342996,87.2222868680954,42.13335037231445,19.793485164642334
770,203828,1971200,211.93651405470038,10850,1.001586105258083,0.483309768885245,0.4375,3.606250047683716,0.11021997777356841,0.4991780571212772,0.0,2.7046875953674316,0.8913661269442913,0.08175689991168232,0.26875001192092896,0.9859374761581421,1.0,7.7250755287009065,5.81382399678512,1.0,52.0,0.28361466079950337,17.24422235488892,-2.1538709416985515,114.45458784103394,55.070587158203125,16.314883708953857
780,207109,1996800,224.40907681697706,10970,0.9469992379894315,0.35113707051762677,0.0,3.606250047683716,0.05520355519169332,0.3561900828666424,0.0,2.7046875953674316,0.8917956828888768,0.09096105873243392,0.0,0.9859374761581421,0.9969418960244648,7.672782874617737,6.263819649232927,1.0,64.0,0.3463743682950735,16.14933865070343,-0.6498939980752766,49.228469133377075,23.960875034332275,8.626782417297363
790,210307,2022400,227.93550506487693,11091,0.9670669216051746,0.415884054329145,0.3531250059604645,3.6624999046325684,0.08033561093247589,0.42618519818995493,0.0,2.746875047683716,0.8867313112476631,0.09168519908466326,0.3531250059604645,0.9859374761581421,1.0,8.054662379421222,6.519836350980645,1.0,46.0,0.37361945062875745,16.02625777721405,-1.857812812924385,83.85801302194595,40.06745791435242,19.73093891143799
800,213544,2048000,214.03336067466302,11211,0.9939297568657405,0.4721648615607537,0.26875001192092896,3.6624999046325684,0.10489491094178506,0.4846451589554426,0.0,2.746875047683716,0.8890348457701087,0.10318238547817636,0.10000000149011612,0.9859374761581421,1.0,7.890855457227139,7.3374140533914805,1.0,64.0,0.31583799943327906,16.610064125061037,-1.6989481652155518,88.5849892258644,42.59038066864014,22.521965980529785
810,216788,2073600,190.98523679548256,11353,0.94625847310905,0.34438638602941735,0.0,3.4937500953674316,0.059737387012286355,0.3550078942686209,0.0,2.620312452316284,0.8865210857376995,0.10994926797050594,0.0,0.9859374761581421,0.9969879518072289,8.048192771084338,7.653888868164523,1.0,64.0,0.39523886442184447,16.24278931617737,-1.3036357443779707,59.4119215965271,28.398373126983643,11.256624221801758
820,219996,2099200,195.60996415141156,11482,0.9594460232691331,0.36696296498874714,0.39531248807907104,3.4375,0.06636363701386885,0.3821697277667975,0.0,2.578125,0.8930823865261945,0.08269998376727582,0.39531248807907104,0.9859374761581421,1.0,7.6030303030303035,5.880887628760817,1.0,43.0,0.3905015327036381,15.96481544971466,-1.0188246313482523,58.4585985660553,28.206570625305176,9.34105110168457
830,223008,2124800,222.04815802645115,11599,0.9341082323718984,0.34942630672387476,0.0,3.6624999046325684,0.05406141156518916,0.34691731476873966,0.0,2.746875047683716,0.8800468218451177,0.12131542962867144,0.0,0.9859374761581421,0.9965156794425087,8.505226480836237,8.455611121822002,1.0,64.0,0.47942076325416566,14.826336550712586,-0.1744393900036812,38.43498295545578,19.038260459899902,10.476617813110352
840,226089,2150400,226.2936114050404,11720,0.9556201906387622,0.41593853284172827,0.0,3.6624999046325684,0.07337019260113056,0.41182810158391975,0.0,2.746875047683716,0.8822499994589732,0.12730727785377488,0.0,0.9859374761581421,0.9907692307692307,8.307692307692308,8.612911733015151,1.0,64.0,0.4071807965636253,15.893831062316895,-1.5714670356363059,76.76800236701965,36.80846405029297,17.988515377044678
850,229246,2176000,220.43906540515366,11838,0.9427213960773893,0.3521635710928911,0.0,3.6624999046325684,0.057925156665072544,0.3537304097834474,0.0,2.746875047683716,0.8847962392254682,0.12547595035256184,0.0,0.9859374761581421,0.9905956112852664,8.12539184952978,8.465860692230121,1.0,64.0,0.47973074689507483,15.364320302009581,-0.7482126446440817,53.66406121850014,26.07901906967163,8.921853065490723
860,232127,2201600,225.46904354180032,11970,0.9498355280411871,0.4428137422741263,0.0,3.4937500953674316,0.08945723667479398,0.4353785480005431,0.0,2.620312452316284,0.8603782906344063,0.16958460754612525,0.0,0.9859374761581421,0.9789473684210527,9.778947368421052,11.320385847402555,1.0,64.0,0.5046070754528046,14.411757850646973,-1.7731426492333413,79.62674057483673,38.03518199920654,22.944830894470215
870,235014,2227200,199.28982014464867,12091,0.944289138808418,0.3697896843950864,0.0,3.6624999046325684,0.06444189323784826,0.3711127664918057,0.0,2.746875047683716,0.8798472468083659,0.13353957126125005,0.0,0.9859374761581421,0.9904153354632588,8.476038338658148,9.062451108170848,1.0,64.0,0.4386707462370396,15.641914200782775,-1.1821866273880004,69.8349236011505,33.730886459350586,16.870598316192627
880,238185,2252800,114.9914100361026,12222,0.9584402896109081,0.35695678420030685,0.0,3.2125000953674316,0.07287946467598279,0.3767119877472777,0.0,2.409374952316284,0.8855608253784123,0.1282019189658942,0.0,0.9859374761581421,0.9910714285714286,8.074404761904763,8.692693271498673,1.0,64.0,0.40333974659442906,16.45381853580475,-1.223771756887436,64.43466677665711,30.989529609680176,16.192245960235596
890,241377,2278400,102.57890185600107,12493,0.9336949769048596,0.3040112690454899,0.0,3.606250047683716,0.05340012521838825,0.318947325117061,0.0,2.7046875953674316,0.8802948517854824,0.12244122190212249,0.0,0.9859374761581421,0.9933554817275747,8.465116279069768,8.380265483336242,1.0,64.0,0.4404640905559063,16.388865089416505,-0.5527948182076216,53.0100935459137,25.947847366333008,17.168818950653076
900,244552,2304000,216.6994048899625,12659,0.994857204868304,0.4858695774461593,0.0,3.4375,0.11816535446028047,0.5011515024410746,0.0,2.578125,0.8766918478422607,0.12394229089676383,0.0,0.9859374761581421,0.9966887417218543,8.745033112582782,8.655161065998353,1.0,64.0,0.40780655592679976,16.180074644088748,-2.2556959679350257,107.08364496231079,51.282047271728516,26.653494834899902
910,247881,2329600,207.31074759421648,12817,1.018340456519711,0.5340114189339255,0.0,3.71875,0.125,0.5406642530120112,0.0,2.7890625,0.8933404570291524,0.10435639409206851,0.0,0.9859374761581421,0.9943019943019943,7.544159544159545,7.085771933584483,1.0,64.0,0.38294126838445663,16.928258466720578,-1.8394990496337416,103.87180666923523,50.092573165893555,24.47829532623291
920,251254,2355200,184.99786632733736,12942,0.9652738191599954,0.39640572987650674,0.0,3.549999952316284,0.08071050504131504,0.4112755027885108,0.0,2.6624999046325684,0.8845633150894401,0.11691558909317297,0.0,0.9859374761581421,0.996742671009772,8.185667752442997,8.146943820199159,1.0,64.0,0.4200938783586025,16.396784901618958,-0.9777732338756322,73.79628834724426,35.916171073913574,34.08672380447388
930,254685,2380800,204.63705162751492,13064,0.9925116092058897,0.4484857195185917,0.25468748807907104,3.4375,0.1022252316814458,0.4699809256059681,0.0,2.578125,0.8902863773399093,0.08975217382218871,0.25468748807907104,0.9859374761581421,1.0,7.801857585139319,6.3823767823188495,1.0,53.0,0.36160660311579707,17.38095579147339,-1.9945720613002775,98.15238857269287,47.078006744384766,16.48960542678833
940,258077,2406400,208.5316120405817,13185,0.9841545860408616,0.4561024692866527,0.0,3.606250047683716,0.09899588662628843,0.4677009371780775,0.0,2.7046875953674316,0.8851587003488152,0.11034735517091879,0.0,0.9859374761581421,0.9968652037617555,8.144200626959247,7.676321687053925,1.0,64.0,0.38598485812544825,17.248640918731688,-1.3076213583350182,89.02288999557496,43.19996452331543,17.252978324890137
950,261477,2432000,214.0193976101879,13315,0.9735171200268588,0.386770403269304,0.19843749701976776,3.4937500953674316,0.07714968122494449,0.40719223966568796,0.0,2.620312452316284,0.8963674386120906,0.08711880287072139,0.19843749701976776,0.9859374761581421,1.0,7.369426751592357,6.195114804592962,1.0,57.0,0.3429992891848087,17.245296573638917,-1.5912332858890295,86.48504958152772,41.64787197113037,28.698251724243164
960,264993,2457600,188.9133130860118,13450,0.9831934827897284,0.4534659697034802,0.0,3.606250047683716,0.09904513903606085,0.46461855284407894,0.0,2.7046875953674316,0.8841483441215975,0.12020241510725983,0.0,0.9859374761581421,0.9938271604938271,8.194444444444445,8.237364060587991,1.0,64.0,0.3635989844799042,16.903413724899295,-1.223851754888892,90.61065576076507,44.077842712402344,19.978351593017578
970,268300,2483200,209.05043187568407,13585,1.0050331856121355,0.47814229712227707,0.24062499403953552,3.6624999046325684,0.10799225769211761,0.4940593077963189,0.0,2.746875047683716,0.8970409287112301,0.08813508269156634,0.24062499403953552,0.9859374761581421,1.0,7.321533923303835,6.2673835659008095,1.0,54.0,0.3233019787818193,18.119355058670045,-1.2300822511315346,92.53811149597168,45.03574180603027,21.662315368652344
980,271497,2508800,215.20198044650397,13704,1.0119562932365649,0.48450164397647466,0.550000011920929,3.549999952316284,0.12526393540807673,0.5132945021855111,0.0,2.6624999046325684,0.8866923580298552,0.08546080199021293,0.5218750238418579,0.9859374761581421,1.0,8.057432432432432,6.0772125457742305,1.0,34.0,0.392304802685976,17.396880388259888,-2.1101962298154833,100.25927391052247,48.01551628112793,21.747636795043945
990,274724,2534400,218.90240124154437,13827,0.9843602137234685,0.46607524723898774,0.0,3.71875,0.0993542979568337,0.47219132042075185,0.0,2.7890625,0.885005915954662,0.12204847643990344,0.0,0.9859374761581421,0.9936908517350158,8.132492113564668,8.36630528586981,1.0,64.0,0.37236337512731554,17.71175546646118,0.11152951018884778,69.80461578369142,35.010114669799805,20.35637378692627
1000,277892,2560000,214.41161848846676,13950,1.0646655711688493,0.6095310763814266,0.0,3.71875,0.18082236929943687,0.6276469663157612,0.0,2.7890625,0.8838432015557038,0.1131357658838773,0.0,0.9859374761581421,0.9964912280701754,8.235087719298246,7.859121222873083,1.0,64.0,0.35802717581391336,18.151478862762453,-1.771291829366237,129.2965570449829,62.8734016418457,28.215801239013672
1010,281112,2585600,228.07909526754204,14075,0.9584127313843588,0.363980073965346,0.32499998807907104,3.4937500953674316,0.06225228673074304,0.3751027221182219,0.0,2.620312452316284,0.8961604444718942,0.08349001498221918,0.32499998807907104,0.9859374761581421,1.0,7.384146341463414,5.937067714937645,1.0,48.0,0.3185534067451954,17.840104246139525,-0.5386238737031818,65.94805703163146,32.43222236633301,23.065308570861816
1020,284382,2611200,220.3265618471269,14195,1.0143166425895978,0.4921886435743089,0.3812499940395355,3.6624999046325684,0.11957360732268138,0.5125263938610273,0.0,2.746875047683716,0.8947430357157465,0.09427387669611728,0.14218750596046448,0.9859374761581421,1.0,7.484939759036145,6.7039200676529145,1.0,61.0,0.3416066825389862,17.27360563278198,-2.544477918744087,119.59147691726685,57.247846603393555,21.52676486968994
1030,287587,2636800,152.81885856715093,14325,1.1096255875795893,0.6593651522107987,0.4937500059604645,3.549999952316284,0.21987028241907275,0.6874239040786267,0.0,2.6624999046325684,0.8897553053479524,0.07879871265928955,0.46562498807907104,0.9859374761581421,1.0,7.839622641509434,5.603463875565754,1.0,38.0,0.34503623843193054,18.632131624221802,-4.259010040760041,190.9352336883545,91.20515823364258,27.1901216506958
1040,290738,2662400,186.8879078956465,14467,1.0107018433633397,0.5061200186127893,0.0,3.71875,0.1325256163956689,0.5269267994230398,0.0,2.7890625,0.8781762290196341,0.1202389164525493,0.0,0.9859374761581421,0.9934426229508196,8.61639344262295,8.222742957604977,1.0,64.0,0.36240440905094146,17.40563645362854,-1.6884404867887497,106.83682298660278,51.72634315490723,88.69344329833984
1050,293901,2688000,192.5818647752039,14602,1.0394675942298808,0.5476829896193044,0.4234375059604645,3.549999952316284,0.15188078490304358,0.5726025241870734,0.0,2.6624999046325684,0.8875868073032226,0.0879591308359337,0.26875001192092896,0.9859374761581421,1.0,7.993827160493828,6.254871596298031,1.0,52.0,0.3210711359977722,17.57399296760559,-2.9102707862854005,140.5324885368347,67.3527603149414,41.30322074890137
1060,296949,2713600,191.47570320221502,14755,1.0579047314822674,0.588965237245243,0.0,3.6624999046325684,0.18173828100164732,0.6148363588049944,0.0,2.746875047683716,0.87616645048062,0.11527028648553904,0.0,0.9859374761581421,0.9965277777777778,8.78125,8.01803928607584,1.0,64.0,0.3310154866427183,18.24592218399048,-2.0171420946717262,130.4751133441925,63.21710205078125,27.994051933288574
1070,299787,2739200,183.43637692945788,14890,1.0596507370861528,0.5808370550558147,0.296875,3.4937500953674316,0.17545955866770027,0.6088068295912119,0.0,2.620312452316284,0.8841911771523407,0.096872601579767,0.296875,0.9859374761581421,1.0,8.235294117647058,6.8887183568331,1.0,50.0,0.32326839789748196,18.66467442512512,-2.2832629337906836,138.24661788940432,66.83681297302246,36.38492965698242
1080,302848,2764800,189.471876671512,15029,1.0715215169015477,0.6069783565228309,0.0,3.549999952316284,0.19629098176956178,0.6355230061859476,0.0,2.6624999046325684,0.8752305322983226,0.11483253197084473,0.0,0.9859374761581421,0.9967213114754099,8.849180327868853,7.996528405580284,1.0,64.0,0.34650927782058716,19.34565677642822,-1.7474890172481536,149.54191846847533,73.0200023651123,39.79432487487793
1090,305506,2790400,184.87819081740614,15166,1.0666235903263988,0.6435401343171088,0.0,3.71875,0.21731672923367723,0.6573573336236607,0.0,2.7890625,0.8493068610367022,0.1777608918860087,0.0,0.9859374761581421,0.9849624060150376,10.609022556390977,12.149961840632034,1.0,64.0,0.4235904887318611,19.035754919052124,-1.3317177958786488,142.9444348335266,70.13626098632812,37.08103370666504
1100,308093,2816000,176.63045321375284,15312,1.0421281669461777,0.6102514964559259,0.0,3.4937500953674316,0.19374999919521155,0.6256266608795729,0.0,2.620312452316284,0.848378165738995,0.15420606273829016,0.0,0.9859374761581421,0.9873417721518988,10.691983122362869,10.488996598994756,1.0,64.0,0.4209763742983341,18.41220760345459,-1.1551763396710157,127.62047729492187,62.65085411071777,30.230340003967285
1110,310733,2841600,176.23253029938292,15475,1.0645653737915888,0.6080083604665493,0.550000011920929,3.6624999046325684,0.20281968514124551,0.6388883426139383,0.0,2.746875047683716,0.8617456903631203,0.10728971226923203,0.3109374940395355,0.9859374761581421,1.0,9.831417624521073,7.629490669461376,1.0,49.0,0.38703343495726583,19.904001474380493,-1.1399667248129846,127.77964210510254,62.74598503112793,25.904194831848145
1120,313362,2867200,168.19048916620224,15629,1.1394531268513564,0.7069432801579013,0.0,3.4937500953674316,0.2807350858594432,0.7393149693955953,0.0,2.620312452316284,0.8587180412176884,0.13562523762482173,0.0,0.9859374761581421,0.9886363636363636,9.965909090909092,9.149576323569658,1.0,64.0,0.33029626309871674,20.12479410171509,-3.133631253242493,190.22730846405028,91.97671890258789,44.06589889526367
1130,315982,2892800,163.99068596066078,15781,1.130843403503354,0.6908017324071538,0.0,3.71875,0.26499186904900135,0.7244881366012935,0.0,2.7890625,0.8658515346759313,0.12031364377177915,0.0,0.9859374761581421,0.9962825278810409,9.513011152416357,8.374417687344364,1.0,64.0,0.3513050936162472,20.172852182388304,-2.6077230662107467,172.47553520202638,83.62653350830078,38.66463661193848
1140,318612,2918400,172.13778123539774,15937,1.113641076871963,0.7236170208013206,0.0,3.606250047683716,0.25310554989146,0.7347973547010938,0.0,2.7046875953674316,0.8605355287117582,0.1290246977714229,0.0,0.9859374761581421,0.995850622406639,9.887966804979254,8.987768337220613,1.0,64.0,0.35712916031479836,20.24569115638733,-1.3421105787158014,162.91526279449465,80.11195373535156,37.258055686950684
1150,321168,2944000,161.84526501133612,16091,1.0816361002019934,0.6225471593666533,0.0,3.549999952316284,0.21271114920096967,0.6530322826169782,0.0,2.6624999046325684,0.868924951691425,0.1277069413471335,0.0,0.9859374761581421,0.9961389961389961,9.293436293436294,8.903536853451426,1.0,64.0,0.37366354987025263,19.427044057846068,-1.7404089190065861,137.93698148727418,67.2243423461914,42.734840393066406
1160,323695,2969600,160.03371233629136,16262,1.0329257243353387,0.5393912645787128,0.0,3.4375,0.16469089794850003,0.5717633503484425,0.0,2.578125,0.868234827466633,0.11826276722571759,0.0,0.9859374761581421,0.9963768115942029,9.344202898550725,8.229564220733684,1.0,64.0,0.3696759693324566,18.17528281211853,-1.9992179565131662,107.80866680145263,51.901424407958984,39.378220558166504
1170,326338,2995200,154.55286691094003,16423,1.0499785230126988,0.5820251567113001,0.0,3.4375,0.17973582420971795,0.6074722227825549,0.0,2.578125,0.8702426991614279,0.12250190025990497,0.0,0.9859374761581421,0.9965635738831615,9.20274914089347,8.546022124967697,1.0,64.0,0.3196072358638048,18.87010293006897,-0.9840908616781234,105.58819017410278,51.80680847167969,24.81612777709961
1180,328963,3020800,167.83853751911167,16608,1.0725666983089899,0.652082931346909,0.0,3.549999952316284,0.22227643365445343,0.6685420406543595,0.0,2.6624999046325684,0.8502902655380046,0.15924556609055812,0.0,0.9859374761581421,0.9841897233201581,10.533596837944664,10.743683579905374,1.0,64.0,0.37315049096941943,19.267254638671872,-1.9348028775304558,160.62745323181153,78.37518882751465,47.78754806518555
1190,331390,3046400,169.9396876093043,16789,1.1135762432798806,0.7073152814595827,0.0,3.606250047683716,0.26314185813254837,0.7274444737825794,0.0,2.7046875953674316,0.8504343868785874,0.1405103552085539,0.0,0.9859374761581421,0.991701244813278,10.576763485477178,9.64963608960997,1.0,64.0,0.3565783232450485,19.411309957504272,-1.7949328750371933,164.2338026046753,80.31840133666992,69.10368347167969
1200,333783,3072000,150.56986996483684,16995,1.114618058204651,0.7432796269013229,0.0,3.606250047683716,0.27995833449893526,0.7509380173782617,0.0,2.7046875953674316,0.8346597242355347,0.16645382147850288,0.0,0.9859374761581421,0.9822222222222222,11.63111111111111,11.224255921336358,1.0,64.0,0.3874976702034474,19.496549606323242,-0.9100134380161763,166.51900978088378,82.34561920166016,82.68379592895508
1210,336224,3097600,195.72390708396335,17170,1.1008127551646,0.67023282153371,0.0,3.4937500953674316,0.23917590706579148,0.6965678274755344,0.0,2.620312452316284,0.8616368474378702,0.12067701573076085,0.0,0.9859374761581421,0.9959677419354839,9.810483870967742,8.386359109930101,1.0,64.0,0.3601308826357126,18.99479417800903,-2.250192008167505,148.91533670425417,72.20387649536133,54.63603591918945
1220,338681,3123200,208.53537446237036,17301,1.1523300440687883,0.7203920430559674,0.0,3.71875,0.30727795968975935,0.7576458245957991,0.0,2.7890625,0.8450520846404528,0.13652095074029688,0.0,0.9859374761581421,0.9912280701754386,10.956140350877194,9.337615262331125,1.0,64.0,0.41845895126461985,18.229977083206176,-2.9117605954408647,168.20658435821534,81.18734741210938,44.138694763183594
1230,341184,3148800,211.14448734662164,17427,1.0887969388320984,0.6584673227593351,0.0,3.606250047683716,0.2245923902677453,0.6814442746133356,0.0,2.7046875953674316,0.8642045470330084,0.1191430993696278,0.0,0.9859374761581421,0.9960474308300395,9.628458498023715,8.278042554424479,1.0,64.0,0.4066526032984257,17.817089843749997,-2.8558018703013657,162.25895881652832,78.26961517333984,66.47601699829102
1240,343671,3174400,145.49883070219306,17586,1.0936941971618033,0.6465629443384923,0.2828125059604645,3.549999952316284,0.23286830196304928,0.6802980433574443,0.0,2.6624999046325684,0.8608258947257011,0.10708698245935311,0.2828125059604645,0.9859374761581421,1.0,9.896825396825397,7.6150741953877095,1.0,51.0,0.3678589291870594,19.85071234703064,-1.678843577206135,139.20230045318604,67.91862487792969,68.5805549621582
1250,345991,3200000,141.65940463466399,17755,1.168764810285297,0.7361691068773895,0.0,3.549999952316284,0.3294579383886256,0.774539279724518,0.0,2.6624999046325684,0.8393068727441308,0.15087764423867067,0.0,0.9859374761581421,0.995260663507109,11.393364928909953,10.551240512611708,1.0,64.0,0.3855868145823479,19.80895395278931,-3.3433314487338066,177.61971530914306,85.46267318725586,79.69572257995605
1260,348209,3225600,157.84406431237235,17944,1.1112029739085911,0.6714928456970652,0.0,3.4375,0.2775182052723412,0.709621947651286,0.0,2.578125,0.8336847703723074,0.15169587364893927,0.0,0.9859374761581421,0.9854368932038835,11.723300970873787,10.237762800624154,1.0,64.0,0.41375465095043185,19.974749326705933,-1.3302385158836842,148.0426031112671,72.68692398071289,78.86894416809082
1270,350238,3251200,136.36658757323195,18115,1.1230939138310119,0.7302926980677851,0.0,3.549999952316284,0.31617310346733213,0.7517644276821746,0.0,2.6624999046325684,0.8069208128602093,0.18713864250124654,0.0,0.9859374761581421,0.9790575916230366,13.581151832460733,12.690123163248371,1.0,64.0,0.42506571188569064,18.29715323448181,-1.7788362860679627,146.59282436370847,71.51332092285156,78.36518478393555
1280,352278,3276800,147.7491979307497,18297,1.1089863157390956,0.6812852929625868,0.0,3.6624999046325684,0.2823694051794745,0.7144475952560564,0.0,2.746875047683716,0.8266169138215668,0.16459563567405824,0.0,0.9859374761581421,0.9900497512437811,12.25870646766169,11.36559950280307,1.0,64.0,0.45353889763355254,17.637119913101195,-1.7840609140694141,130.25897469520567,63.34089279174805,45.59522819519043
1290,354348,3302400,146.64234331373356,18473,1.0609577042532379,0.6339048804903,0.0,3.6624999046325684,0.22293911668761024,0.653438779406276,0.0,2.746875047683716,0.8380185882400336,0.17526557033935014,0.0,0.9859374761581421,0.9870689655172413,11.426724137931034,12.042445462488239,1.0,64.0,0.4484525039792061,17.45011591911316,-1.0801242522895336,126.39637050628662,62.11357498168945,82.25521850585938
1300,356455,3328000,138.6112900610656,18650,1.1739434524661019,0.8246520881084527,0.0,3.7750000953674316,0.3448660691579183,0.8276403146836634,0.0,2.831249952316284,0.8290773801860355,0.1759445170107549,0.0,0.9859374761581421,0.9809523809523809,12.019047619047619,11.895962462217772,1.0,64.0,0.4591029517352581,17.46910080909729,-2.9691328048706054,184.45897312164306,89.2557601928711,64.32099914550781
1310,358303,3353600,213.21958040847127,26112,1.0106266365235388,0.6532935202328022,0.0,3.6624999046325684,0.22053337690093755,0.6401129189780886,0.0,2.746875047683716,0.7900932608708662,0.2448375091629449,0.0,0.9859374761581421,0.9528795811518325,14.591623036649215,16.363051629274306,1.0,64.0,0.5463151268661022,15.40303132534027,-1.0276006314903496,104.13946561813356,51.036672592163086,70.63560104370117
1320,360241,3379200,213.7088039681534,26231,1.0814783096857812,0.6643269409003608,0.0,3.606250047683716,0.24522688426927888,0.6878026036249252,0.0,2.7046875953674316,0.8362514257567114,0.15142025879853105,0.0,0.9859374761581421,0.9954337899543378,11.61187214611872,10.5976669122809,1.0,64.0,0.5412703417241573,16.102961611747745,-2.3455351315438744,150.31421918869017,72.80616760253906,103.99764442443848
1330,362434,3404800,206.20746205336107,26355,1.0331747202033346,0.6397257968556936,0.0,3.4937500953674316,0.218735793503848,0.6429898952565557,0.0,2.620312452316284,0.814438921822743,0.21115409310183456,0.0,0.9859374761581421,0.9590909090909091,12.904545454545454,13.919410164904365,1.0,64.0,0.5431257888674736,15.858258366584778,-2.870400807261467,144.3267203330994,69.28752708435059,113.9483757019043
1340,364618,3430400,205.6496076711881,26480,1.0438560544095967,0.6642094042162341,0.0,3.6624999046325684,0.226336255871872,0.6657926503689141,0.0,2.746875047683716,0.817519797863464,0.19568098771550965,0.0,0.9859374761581421,0.9683257918552036,12.751131221719458,12.999706264901954,1.0,64.0,0.49310658797621726,15.848819541931153,-2.003062665462494,128.0262077331543,62.00510597229004,49.02591896057129
1350,366823,3456000,206.17055633544143,26606,0.9814903863407822,0.521513904351774,0.0,3.606250047683716,0.13523532359706245,0.5243970641978867,0.0,2.7046875953674316,0.8462550620197767,0.17421549866506192,0.0,0.9859374761581421,0.9838056680161943,10.817813765182187,11.850075867030785,1.0,64.0,0.4304644152522087,14.552803254127502,-1.8591031823307276,107.20802021026611,51.7406005859375,93.49137878417969
1360,369069,3481600,202.9658789029147,26748,1.0317066230186045,0.6362607419750318,0.0,3.549999952316284,0.19768835474911345,0.6338261121417783,0.0,2.6624999046325684,0.8340182667725706,0.1973983255033028,0.0,0.9859374761581421,0.9634703196347032,11.54337899543379,12.961893200469625,1.0,64.0,0.49320663958787914,13.83199679851532,-2.136226187646389,106.98894605636596,51.353315353393555,112.05685234069824
1370,371278,3507200,213.70904216360742,26873,1.0062568220574262,0.60626664237135,0.0,3.549999952316284,0.1807655555452322,0.6024319155633889,0.0,2.6624999046325684,0.8254912657964177,0.19834868120791715,0.0,0.9859374761581421,0.9694323144104804,12.192139737991265,13.225875434580539,1.0,64.0,0.5115112587809563,15.278157138824463,-2.340827503800392,124.8836109161377,60.09586715698242,91.69627475738525
1380,373311,3532800,214.56255362855768,26993,0.9646409265697002,0.46157149324322155,0.0,3.325000047683716,0.13726712849277717,0.48948566343070693,0.0,2.4937500953674316,0.8273737990798858,0.16823247538067465,0.0,0.9859374761581421,0.9855769230769231,12.173076923076923,11.479029632411232,1.0,64.0,0.6103699773550033,14.258150792121887,-0.7450419234111905,57.21751427650452,27.857609748840332,28.5304012298584
1390,375543,3558400,196.59443373615832,27114,1.0167336334784827,0.5309823332902374,0.0,3.606250047683716,0.16292410861878168,0.5592789728389829,0.0,2.7046875953674316,0.8538095251435325,0.14538487440439843,0.0,0.9859374761581421,0.9952380952380953,10.361904761904762,10.149476936579925,1.0,64.0,0.5193121418356895,15.383653140068054,-2.4085215337574484,104.22555451393127,49.69906234741211,46.11572074890137
1400,377842,3584000,197.5757848979777,27244,1.0415719717870027,0.6032198433494569,0.0,3.606250047683716,0.20742694794873653,0.6250808677376404,0.0,2.7046875953674316,0.8341450223223471,0.17328697930117187,0.0,0.9859374761581421,0.9826839826839827,11.670995670995671,11.751576420178216,1.0,64.0,0.4609551623463631,15.801505756378173,-2.94574513733387,144.2601253032684,69.17970657348633,82.58502674102783
1410,380321,3609600,202.65257184255876,27384,1.0956790122230358,0.6402112243979327,0.4375,3.3812499046325684,0.24272762404547799,0.6806902771691533,0.0,2.535937547683716,0.8529513885454877,0.11149105059924316,0.4375,0.9859374761581421,1.0,10.45679012345679,7.92825241806235,1.0,40.0,0.3965355969965458,18.05926103591919,-3.6869865983724592,174.14214973449708,83.38012313842773,48.21026420593262
1420,382656,3635200,197.42414713452044,27516,1.084849327736135,0.6931333026755468,0.0,3.6624999046325684,0.23458426339285715,0.7043407144331726,0.0,2.746875047683716,0.8502650651415544,0.12585096587076863,0.0,0.9859374761581421,0.9955357142857143,10.616071428571429,8.745147160113477,1.0,64.0,0.38111731633543966,18.526657867431638,-1.6892568244598805,126.31989612579346,61.46687316894531,44.50105857849121
1430,384679,3660800,195.44935892668207,27646,1.0273963008493585,0.6088011122830398,0.0,3.4937500953674316,0.1897911993377412,0.6200685435987628,0.0,2.620312452316284,0.8376051005761185,0.15413244221064004,0.0,0.9859374761581421,0.9910313901345291,11.484304932735427,10.629448700371631,1.0,64.0,0.37356364354491234,18.550955390930177,-0.05030677244067192,101.88235025405884,50.88713073730469,43.962493896484375
1440,386681,3686400,197.6276738790749,27777,0.9854934209271481,0.5109152765689582,0.0,3.15625,0.17010690899271713,0.5381174260804148,0.0,2.3671875,0.8153865127971298,0.19113346723108868,0.0,0.9859374761581421,0.9842105263157894,13.01578947368421,13.133916045586739,1.0,64.0,0.41866215169429777,16.211893010139462,-1.1505148839205503,90.88689928054809,44.288747787475586,63.97813606262207
1450,388714,3712000,213.40526038084627,27908,1.0376671515231908,0.5972012841117884,0.0,3.549999952316284,0.21207122137380202,0.6197795876058108,0.0,2.6624999046325684,0.8255959308424662,0.19137821546938097,0.0,0.9859374761581421,0.9813953488372092,12.269767441860465,13.061278381887913,1.0,64.0,0.4414226733148098,15.907127046585082,-2.005495484918356,121.44855136871338,58.71436882019043,103.12529754638672
1460,390864,3737600,192.45977183731517,28054,1.1454585267004567,0.6880492107355437,0.0,3.3812499046325684,0.317567170223343,0.7377800501477056,0.0,2.535937547683716,0.8278913539703762,0.15748754952276756,0.0,0.9859374761581421,0.9953271028037384,12.205607476635514,11.03371072189785,1.0,64.0,0.4661681734025478,16.109201502799987,-5.149043804407119,179.11790084838867,84.40524291992188,66.88116073608398
1470,392908,3763200,195.92816728756222,28186,0.9405018500800203,0.5004045685352678,0.0,3.6624999046325684,0.13298183444685538,0.4946431393679657,0.0,2.746875047683716,0.8075200140916655,0.21354127231956532,0.0,0.9859374761581421,0.9753694581280788,13.51231527093596,14.549511056369624,1.0,64.0,0.5153937235474586,15.07748086452484,-0.15817588195204735,61.34325823783874,30.508296966552734,41.93595886230469
1480,395289,3788800,195.84748086421024,28317,1.0672735104320246,0.6091716512386284,0.0,3.606250047683716,0.21706565339630896,0.643347138095216,0.0,2.7046875953674316,0.8502078551218051,0.1376748853794103,0.0,0.9859374761581421,0.9954128440366973,10.619266055045872,9.598690440727898,1.0,64.0,0.44349359571933744,15.509640336036682,-2.952448070049286,122.40950345993042,58.247867584228516,56.84394073486328
1490,397902,3814400,193.35825133155294,28449,0.947536458770434,0.37211167597595446,0.0,3.549999952316284,0.07514062444368998,0.3853475408611331,0.0,2.6624999046325684,0.8723958336810271,0.1353509452937874,0.0,0.9859374761581421,0.9933333333333333,9.026666666666667,9.3323428045814,1.0,64.0,0.43210914060473443,15.814476919174194,-0.8811178725212813,54.56564183235169,26.397380828857422,18.443641662597656
1500,400603,3840000,194.83851452279734,28581,1.0088562763895583,0.5088331241855709,0.0,3.606250047683716,0.15836918016194332,0.5441843210819594,0.0,2.7046875953674316,0.8504870947797288,0.13420707458054218,0.0,0.9859374761581421,0.9959514170040485,10.603238866396762,9.370277198295808,1.0,64.0,0.5061368986964225,15.731615042686464,-2.4683331504464148,105.77596225738526,50.41458511352539,64.72469711303711
1510,403419,3865600,188.63428685068027,28733,1.046318854921955,0.5237396995448648,0.620312511920929,3.4375,0.17116525435851793,0.5705252241395611,0.0,2.578125,0.8751536014726606,0.10892644781003316,0.24062499403953552,0.9859374761581421,1.0,8.877966101694915,7.745880650364964,1.0,54.0,0.38353863060474397,17.157011842727663,-3.6214842349290848,125.57022714614868,59.159793853759766,37.03432846069336
1520,406361,3891200,183.51307736537854,28875,1.024568399036681,0.543471323603975,0.2265625,3.6624999046325684,0.15167176598435514,0.5655185367055272,0.0,2.746875047683716,0.8728966336775493,0.10859890817110894,0.2265625,0.9859374761581421,1.0,9.038461538461538,7.722588999158204,1.0,55.0,0.3693185895681381,17.372115707397462,-1.9354021698236465,121.24652023315429,58.68415832519531,37.872121810913086
1530,409155,3916800,181.23399457450068,29016,1.0314073750226618,0.5477077015736145,0.0,3.606250047683716,0.1615164142718418,0.5744332716964392,0.0,2.7046875953674316,0.8698909635380875,0.11678786725028019,0.0,0.9859374761581421,0.9964028776978417,9.226618705035971,8.12331288993915,1.0,64.0,0.35620609298348427,16.899283933639524,-2.750656609982252,139.3142792701721,66.90292167663574,36.31986713409424
1540,411980,3942400,200.75414656990958,29150,1.108238637565153,0.6592371944862075,0.296875,3.6624999046325684,0.23963685657667078,0.6928856180817154,0.0,2.746875047683716,0.8686017809884822,0.11161092125359523,0.296875,0.9859374761581421,1.0,9.34387351778656,7.936776608959332,1.0,50.0,0.4066594623029232,18.465107679367065,-2.4576846033334734,150.104815864563,72.59065628051758,60.837289810180664
1550,414655,3968000,206.51275587317613,29281,1.0938620267049322,0.7227743963232807,0.0,3.6624999046325684,0.2509316044033698,0.7226660782848571,0.0,2.746875047683716,0.8429304245507943,0.18179767761142526,0.0,0.9859374761581421,0.969811320754717,10.954716981132075,11.952967043638806,1.0,64.0,0.38891352117061617,16.99905753135681,-2.7370778061449528,179.6291133880615,87.0735855102539,63.998361587524414
1560,417337,3993600,152.2409627764857,29439,1.0812803979977559,0.647304485383207,0.0,3.549999952316284,0.22142509727626458,0.6712120954968878,0.0,2.6624999046325684,0.8598553010693784,0.12738918961061116,0.0,0.9859374761581421,0.9922178988326849,9.910505836575876,8.699689523115412,1.0,64.0,0.36318227946758275,18.50055665969849,-1.9997032836079596,135.67546501159669,65.83439636230469,72.11554718017578
1570,419793,4019200,163.04219386448307,29596,1.0533796829799198,0.6358377439798092,0.0,3.6624999046325684,0.203007982690954,0.6495233995302382,0.0,2.746875047683716,0.850371697925786,0.13764037580524607,0.0,0.9859374761581421,0.986784140969163,10.54625550660793,9.224623320552555,1.0,64.0,0.33801101669669154,18.713427925109862,-0.3021074924618006,110.50825242996216,54.94864082336426,73.14192008972168
1580,422195,4044800,164.68410656132858,29750,1.144411763607287,0.6997841929255415,0.4937500059604645,3.4937500953674316,0.28801470270343854,0.7411053897198663,0.0,2.620312452316284,0.8563970582157958,0.11095410049249228,0.17031249403953552,0.9859374761581421,1.0,10.211764705882352,7.890069386578856,1.0,59.0,0.3117804113775492,20.285177803039552,-2.0956667475402355,143.08239822387696,69.44242095947266,43.174198150634766
1590,424485,4070400,171.72975814124405,29901,1.1087142064970494,0.6587770191161427,0.0,3.606250047683716,0.26842648552377846,0.701317203412089,0.0,2.7046875953674316,0.8402877205794078,0.13160509140626336,0.0,0.9859374761581421,0.9955947136563876,11.325991189427313,9.16848573241367,1.0,64.0,0.3387435108423233,20.03709807395935,-1.3429952839389443,132.75682258605957,65.03203392028809,55.520490646362305
1600,426577,4096000,172.96528596119447,30047,1.1407724062226854,0.6826558331155309,0.0,3.4375,0.31238207642762167,0.7337176305188432,0.0,2.578125,0.8283903313414106,0.14586500868018773,0.0,0.9859374761581421,0.9952830188679245,12.169811320754716,10.191998061847443,1.0,64.0,0.3590822331607342,19.46282067298889,-2.204034459590912,123.8517786026001,59.71826171875,95.68891525268555
1610,428627,4121600,181.46796405658003,30213,1.1083212202025015,0.6954749538271487,0.0,3.3812499046325684,0.28836300691892935,0.7262484876891905,0.0,2.535937547683716,0.8199582118974176,0.1485924333162153,0.0,0.9859374761581421,0.9941860465116279,12.761627906976743,10.350044024225562,1.0,64.0,0.3662860430777073,19.506831121444705,-0.9161542423069478,111.2111629486084,54.68576622009277,49.90667915344238
1620,430489,4147200,177.79084054354158,30369,1.2275588809004152,0.7991833518334892,0.0,3.549999952316284,0.41080163152897414,0.8371967646889956,0.0,2.6624999046325684,0.8167572486515783,0.17051418824997513,0.0,0.9859374761581421,0.9855072463768116,12.927536231884059,11.652354169778851,1.0,64.0,0.36448621228337286,20.254861974716185,-3.5863421596586704,200.67918453216555,96.74960327148438,95.60523986816406
1630,432568,4172800,196.62431055300735,30496,1.2097035592125955,0.8073752763361907,0.0,3.4375,0.3820969629510541,0.8345005988754288,0.0,2.578125,0.8276065987682788,0.16224254302661745,0.0,0.9859374761581421,0.9813084112149533,12.126168224299066,10.880745545928919,1.0,64.0,0.3496446579694748,19.72518038749695,-3.28825159072876,184.83922443389892,89.12786865234375,93.39177322387695
1640,434756,4198400,173.80251245159815,30639,1.166216036029484,0.7295756420442607,0.0,3.6624999046325684,0.31601902194645093,0.7687913769716923,0.0,2.746875047683716,0.8501970134351564,0.13413359008409254,0.0,0.971875011920929,0.9956521739130435,10.621739130434783,9.352072847269888,2.0,64.0,0.35609844997525214,21.097228908538817,-2.288346027582884,141.07311038970948,68.24464416503906,85.88355827331543
1650,436777,4224000,184.06480899704323,30782,1.182524038125307,0.7513082517804753,0.0,3.549999952316284,0.35411057563928455,0.7902360834758763,0.0,2.6624999046325684,0.8284134611105307,0.16364401628344988,0.0,0.9859374761581421,0.9846153846153847,12.092307692307692,11.103785093043944,1.0,64.0,0.4087187096476555,19.162841463088988,-2.676715162396431,155.5568437576294,75.09761810302734,122.60510635375977
1660,438864,4249600,180.6287894589434,30939,1.0969568792909514,0.6657204676115206,0.0,3.71875,0.26333924698517314,0.6951846725037945,0.0,2.7890625,0.8336176321756371,0.1747311083735833,0.0,0.9859374761581421,0.982532751091703,11.707423580786026,11.854540040125446,1.0,64.0,0.39938202276825907,19.219649696350096,-1.3653964582830667,123.54870529174805,60.404958724975586,129.30384063720703
1670,440872,4275200,176.02293241766284,31081,1.1752320539833296,0.7633190859549628,0.0,3.7750000953674316,0.3560643532488606,0.7940754352711638,0.0,2.831249952316284,0.8191676971935989,0.17481790590814922,0.0,0.9859374761581421,0.9752475247524752,12.683168316831683,11.629963599603615,1.0,64.0,0.396468560397625,18.299866104125975,-3.560921466350555,156.85902576446534,74.86462783813477,69.24243545532227
1680,442908,4300800,191.28906078876827,31212,1.084631751680598,0.6822870909562304,0.0,3.4375,0.26800176011564586,0.7022918005997096,0.0,2.578125,0.8166299896061141,0.18255399720202822,0.0,0.9859374761581421,0.9812206572769953,12.906103286384976,12.407426608703547,1.0,64.0,0.3647322833538056,18.29880609512329,-1.8560398414731027,138.1695899963379,67.2251091003418,102.01675415039062
1690,444953,4326400,191.22829088228855,31345,1.0967605078014835,0.6869701722635334,0.0,3.71875,0.25952990404490767,0.7079003978692975,0.0,2.7890625,0.8372306040134924,0.1624560589513953,0.0,0.9859374761581421,0.9870689655172413,11.482758620689655,11.097516620786498,1.0,64.0,0.368350225687027,18.383924818038942,-1.8858478248119355,146.12124595642092,71.17109680175781,94.47408485412598
1700,446987,4352000,198.66081222594312,31471,1.126879531044315,0.7246595460860682,0.0,3.606250047683716,0.3117527158364006,0.7490107329563755,0.0,2.7046875953674316,0.8151268126164082,0.18315514279413908,0.0,0.9859374761581421,0.9855072463768116,13.043478260869565,12.586053299591395,1.0,64.0,0.3846472941339016,16.95037188529968,-2.914812808856368,161.97270336151124,78.06769180297852,81.35315322875977
1710,448811,4377600,202.28834919882652,31633,1.000257814824581,0.5493101122767761,0.0,3.4937500953674316,0.19289062410593033,0.5729731513218479,0.0,2.620312452316284,0.8073671889305115,0.20307748159765465,0.0,0.9859374761581421,0.97,13.485,13.620564415618025,1.0,64.0,0.40283870622515683,16.05215530395508,-1.7328872799873352,92.45381226539611,44.48999214172363,87.00443840026855
1720,450703,4403200,223.50247859110956,31750,1.1262276811259133,0.6893783699299879,0.0,3.4937500953674316,0.29118303628194897,0.7250587870570081,0.0,2.620312452316284,0.8350446437086377,0.16980994952444606,0.0,0.9859374761581421,0.9857142857142858,11.628571428571428,11.595776852644523,1.0,64.0,0.4382187783718109,13.893550705909728,-4.098583167791366,176.35371723175047,84.07389450073242,68.23652267456055
1730,452702,4428800,213.04099461765563,31869,1.1191754717502236,0.686210901889057,0.0,3.606250047683716,0.28708186703668515,0.7215745092703738,0.0,2.7046875953674316,0.8320936040839119,0.16098577619672644,0.0,0.9859374761581421,0.9906103286384976,11.873239436619718,11.11856238063868,1.0,64.0,0.3774043880403042,15.183331179618836,-4.909044945240021,173.65501022338867,81.91468238830566,119.88554763793945
1740,454672,4454400,229.36384164450266,31984,1.0459317879342451,0.6601669232338118,0.0,3.549999952316284,0.2266291906920875,0.6673996852793269,0.0,2.6624999046325684,0.8193025943346139,0.17482857196750295,0.0,0.971875011920929,0.9817073170731707,12.71951219512195,11.845318505373914,2.0,64.0,0.3937258116900921,13.865122985839843,-1.3405825152993203,115.38687133789062,56.34891891479492,47.221609115600586
1750,456509,4480000,226.6171574142987,32100,1.0033449635849994,0.6047540035588325,0.0,3.4937500953674316,0.19769417603039047,0.6034723122074479,0.0,2.620312452316284,0.8056507894353381,0.22638972584753997,0.0,0.9859374761581421,0.9563106796116505,13.509708737864077,15.022875854652218,1.0,64.0,0.3676163092255592,14.553165507316589,-1.4428990239277482,107.77437286376953,52.440616607666016,86.71949768066406
1760,458660,4505600,213.6925356245832,32236,1.0295284848033854,0.5965360508122869,0.0,3.549999952316284,0.1893459616509159,0.6111012420772817,0.0,2.6624999046325684,0.8401825218997171,0.16648255485695304,0.0,0.9859374761581421,0.9823008849557522,11.238938053097344,11.224794249870008,1.0,64.0,0.3689896762371063,15.485538697242738,-2.462841980904341,122.64668102264403,58.85680961608887,60.24095153808594
1770,460929,4531200,224.00986915199658,32353,0.9097586537910891,0.3793835612728853,0.0,3.2125000953674316,0.0882254455770765,0.3776026827884953,0.0,2.409374952316284,0.8215332056861371,0.21462372763343318,0.0,0.9859374761581421,0.96875,12.46875,14.439495262560254,1.0,64.0,0.388477373868227,14.059209704399109,-1.2352591544389724,67.32282724380494,32.42226791381836,41.36162757873535
1780,463205,4556800,211.47805962680866,32472,0.9962611594902617,0.5119689235993214,0.0,3.549999952316284,0.1565499429457954,0.5371290400829624,0.0,2.6624999046325684,0.8397112156131438,0.16685640441901606,0.0,0.9859374761581421,0.9910714285714286,11.334821428571429,11.56076500358485,1.0,64.0,0.33965742886066436,13.693227577209473,-2.659894172847271,105.84000096321105,50.256710052490234,78.62847900390625
1790,465521,4582400,197.5898517594657,32608,0.9421660008780454,0.4305632167820371,0.0,3.3812499046325684,0.09876003560669926,0.43364692322183845,0.0,2.535937547683716,0.843405965408054,0.17904144063226404,0.0,0.9859374761581421,0.9770642201834863,10.972477064220184,11.986199032998252,1.0,64.0,0.3585943475365639,13.380072975158692,-1.1771801255643368,69.34710350036622,33.492788314819336,54.10762405395508
1800,467938,4608000,208.9059952829202,32736,0.9762789570226632,0.4921819762541724,0.0,3.4375,0.11704271272342638,0.4977698772921729,0.0,2.578125,0.8592362452197719,0.14590077354230951,0.0,0.9859374761581421,0.9806949806949807,9.872586872586872,9.58256044784804,1.0,64.0,0.32302207313477993,14.194209051132201,-1.9491068368777633,79.2593590259552,37.677345275878906,44.134910583496094
1810,470611,4633600,188.03744953465477,32873,1.031428080271272,0.5701891746952203,0.0,3.549999952316284,0.16757812416728804,0.5865342286205271,0.0,2.6624999046325684,0.8638499550083104,0.1501602810651266,0.0,0.9859374761581421,0.9852941176470589,9.577205882352942,10.094840462216947,1.0,64.0,0.3135370038449764,16.51860113143921,-1.9226968407630922,112.78975992202759,54.469045639038086,33.91470909118652
1820,473150,4659200,198.55218876076398,33006,1.0097262045248934,0.5514557508720205,0.0,3.325000047683716,0.1691370415031363,0.5735699818909646,0.0,2.4937500953674316,0.8405891631584649,0.14517991474711697,0.0,0.9859374761581421,0.9908256880733946,11.270642201834862,9.96209147519003,1.0,64.0,0.3138339802622795,17.396869373321532,-0.7622928641736508,102.5510347366333,50.51008224487305,62.33610916137695
1830,475397,4684800,183.38629683775056,33139,1.0840890957954081,0.6103310249502767,0.0,3.71875,0.23016622396225625,0.6525374824438036,0.0,2.7890625,0.8539228722770164,0.14352501388326389,0.0,0.9859374761581421,0.9957446808510638,10.357446808510637,10.035251582908973,1.0,64.0,0.3375384550541639,17.449730491638185,-3.0104932487010956,144.67609119415283,69.32418060302734,98.5989875793457
1840,477544,4710400,199.37802199267276,33272,1.0556598708609144,0.6205577852159623,0.0,3.6624999046325684,0.21361319906210183,0.644889683104915,0.0,2.746875047683716,0.8420466733976495,0.14587084212162546,0.0,0.9859374761581421,0.9957081545064378,11.201716738197424,10.205930976433674,1.0,64.0,0.3372648760676384,18.813398170471192,-0.6487044621258975,113.32037696838378,56.00811195373535,98.28264999389648
1850,479685,4736000,189.80511431410503,33409,0.9825014474767225,0.5124092936405132,0.0,3.6624999046325684,0.1431206605500645,0.5295244078193994,0.0,2.746875047683716,0.8393807868231777,0.14780471976536252,0.0,0.9859374761581421,0.9953703703703703,11.38888888888889,10.333183989362848,1.0,64.0,0.3890623182058334,17.48232455253601,0.8662054851651192,62.814512205123904,32.26957321166992,34.34927845001221
1860,481898,4761600,212.05613405106908,33544,1.0760394300258211,0.6191320711277429,0.0,3.549999952316284,0.23194071970272473,0.6580826499665179,0.0,2.6624999046325684,0.844098711602166,0.1312781943142377,0.0,0.9859374761581421,0.9957081545064378,11.055793991416309,9.14881138134709,1.0,64.0,0.32831001468002796,18.893729305267335,-2.910502292215824,126.2847204208374,60.228572845458984,102.7139663696289
1870,483974,4787200,207.19556834490726,33674,1.136061396105174,0.7494299226824411,0.0,3.6624999046325684,0.29783177297020796,0.7656633621067912,0.0,2.746875047683716,0.8382296235288292,0.1573050990458304,0.0,0.9859374761581421,0.986784140969163,11.409691629955947,10.704459665630104,1.0,64.0,0.37978092953562737,18.100013780593873,-3.7345618516206742,173.77979679107665,83.15153503417969,135.09009170532227
1880,486046,4812800,94.18525285158934,33990,1.1996572067847058,0.7841873964947377,0.0,3.4375,0.38557079343163236,0.8173062634351966,0.0,2.578125,0.814086415101679,0.17406896835531221,0.0,0.9859374761581421,0.9897959183673469,13.14795918367347,12.055295471131895,1.0,64.0,0.37046618312597274,17.272763109207155,-3.848248878121376,175.5807907104492,83.93843841552734,125.38135528564453
1890,488025,4838400,229.201905736303,34116,1.152698863805695,0.7885837648109943,0.0,3.4937500953674316,0.358007811517878,0.7987127244312532,0.0,2.620312452316284,0.7946910523724827,0.20540805237014828,0.0,0.9859374761581421,0.9715909090909091,14.397727272727273,13.853568438170521,1.0,64.0,0.4074702441692352,17.90845274925232,-1.503522079065442,166.76478271484376,81.87479782104492,85.45598983764648
1900,490084,4864000,232.47649203628526,34230,1.071259901264674,0.667365076421106,0.0,3.4937500953674316,0.23666572112303513,0.6825884597836204,0.0,2.620312452316284,0.8345941762309269,0.16288136286520435,0.0,0.9859374761581421,0.9819004524886877,11.633484162895927,10.944390951097882,1.0,64.0,0.39593855217099194,18.16077418327332,-0.8410435009747743,115.48833599090577,56.89916229248047,48.39606857299805
1910,492025,4889600,211.49358428465135,34361,1.0766040589264099,0.6471440234595248,0.0,3.7750000953674316,0.25329953305264735,0.67831017645006,0.0,2.831249952316284,0.8233045234959177,0.16206710784179107,0.0,0.9859374761581421,0.9893617021276596,12.48936170212766,11.157713371371495,1.0,64.0,0.41821225062012674,16.46207458972931,-1.9612548612058163,125.9721459388733,61.0206356048584,58.40756416320801
1920,494147,4915200,214.85752531431118,34476,1.1825258020960956,0.7359130011870049,0.0,3.549999952316284,0.3450903072269685,0.7814498014029169,0.0,2.6624999046325684,0.8374354929552166,0.14961667413141388,0.0,0.9859374761581421,0.9954128440366973,11.527522935779816,10.466270609422319,1.0,64.0,0.3565476410090923,19.559914112091064,-3.7944505229592322,163.5312786102295,77.96762084960938,138.21797561645508
1930,496217,4940800,224.54200693796693,34595,1.1326734311293558,0.7498119030824022,0.0,3.549999952316284,0.30792702991924986,0.7670717480507694,0.0,2.6624999046325684,0.8247464021463045,0.16206016709786433,0.0,0.9859374761581421,0.9842931937172775,12.350785340314136,10.976771615099171,1.0,64.0,0.34029233604669573,19.09428672790527,-0.2443008802831173,126.60283374786377,63.053714752197266,102.60030746459961
1940,498203,4966400,221.23917712369283,34707,1.0700381095089564,0.679407449041704,0.0,3.4375,0.2590701207882021,0.6914852266194912,0.0,2.578125,0.8109679875577368,0.20031237243176733,0.0,0.9859374761581421,0.9707317073170731,13.234146341463415,13.428902389741998,1.0,64.0,0.4221424862742424,18.00178394317627,-1.0925039645284413,129.91578664779664,63.86116600036621,156.1987075805664
1950,500121,4992000,223.7153363338537,34824,1.0965249320604111,0.687830912533337,0.0,3.4937500953674316,0.29441598139173997,0.7159783382486633,0.0,2.620312452316284,0.8021089485515662,0.1823638976158813,0.0,0.9859374761581421,0.9890710382513661,13.994535519125684,12.64327604522824,1.0,64.0,0.3743577182292938,18.73253993988037,-2.272723846882582,142.28834323883058,68.86770057678223,179.82013702392578
1960,502078,5017600,224.57088417728323,34956,1.1078194784931839,0.7042016976589309,0.0,3.606250047683716,0.2935546868081604,0.7264735552251815,0.0,2.7046875953674316,0.8142647879597332,0.19211078938142387,0.0,0.9859374761581421,0.9776785714285714,13.049107142857142,13.013464836850677,1.0,64.0,0.4241727001965046,18.869104051589964,-2.8812829852104187,147.8705244064331,71.04973983764648,111.70034790039062
1970,504002,5043200,223.48301984419447,35072,1.1921073717948718,0.7979482598400482,0.0,3.549999952316284,0.37665864962797896,0.8245661304699236,0.0,2.6624999046325684,0.8154487171234228,0.15247850012261202,0.0,0.9859374761581421,0.9948717948717949,13.087179487179487,10.658214106600756,1.0,64.0,0.36887956261634824,20.244285917282106,-1.9763947889208793,140.26185350418092,68.15083694458008,122.97425842285156
1980,505937,5068800,211.07586013109625,35190,1.156348129833378,0.7665401567598801,0.0,3.6624999046325684,0.33111413377494625,0.7858180273448792,0.0,2.746875047683716,0.8252339987939107,0.17833332980427552,0.0,0.9859374761581421,0.9758454106280193,12.256038647342995,11.910177102260151,1.0,64.0,0.3716204114258289,18.89152088165283,-1.8446601133793592,143.1640371322632,69.73363876342773,145.83712768554688
1990,508020,5094400,221.659989257021,35307,1.1500972261693743,0.7777762602685392,0.0,3.71875,0.33337499777475993,0.7911203781599201,0.0,2.7890625,0.8167222244209713,0.17964897069180807,0.0,0.971875011920929,0.9822222222222222,12.906666666666666,12.222936544782426,2.0,64.0,0.3472515866160393,19.731679439544678,-2.000872752070427,143.03648300170897,69.5138931274414,110.07309150695801
2000,510077,5120000,217.6697761668684,35426,1.1850968106933262,0.807501858305805,0.0,3.606250047683716,0.38310122327960056,0.8213187085964829,0.0,2.7046875953674316,0.8019955856320651,0.21078858430608927,0.0,0.9859374761581421,0.9619565217391305,13.809782608695652,13.988415702494136,1.0,64.0,0.39226928204298017,19.639103174209595,-1.4414171922951937,127.27880783081055,62.194061279296875,81.60865020751953
2010,511942,5145600,231.92239937304552,35556,1.2046341471555757,0.8211191262326152,0.0,3.4937500953674316,0.4024390238087352,0.840029499743661,0.0,2.620312452316284,0.8021951232014632,0.18934576240497084,0.0,0.9859374761581421,0.975609756097561,13.892682926829268,12.755800024511135,1.0,64.0,0.37047620490193367,18.4246835231781,-3.7624776095151904,186.1960220336914,89.33182907104492,137.35819244384766
2020,513898,5171200,192.27254973517668,35677,1.2433353076331424,0.8767199129904973,0.0,3.606250047683716,0.4215861937446052,0.8867366142241855,0.0,2.7046875953674316,0.8217491103574563,0.1803356908448017,0.0,0.9859374761581421,0.976303317535545,12.507109004739336,12.080052755701649,1.0,64.0,0.37082769796252246,18.849545049667356,-3.284565344452858,198.33885078430177,95.88114929199219,156.2310619354248
2030,515919,5196800,228.60864155122667,35797,1.185239057455744,0.7970162328476091,0.0,3.4937500953674316,0.3522537430310579,0.8185643954470464,0.0,2.620312452316284,0.8329853118152662,0.15037064144130724,0.0,0.9859374761581421,0.9907834101382489,11.811059907834101,10.345918729647279,1.0,64.0,0.29654185101389885,20.16915307044983,-1.9257441464811564,157.4459951400757,76.7942943572998,91.33832168579102
2040,517861,5222400,211.4413876662774,35912,1.2397020723226775,0.7917081144227764,0.0,3.606250047683716,0.4237694311018435,0.8375993246750159,0.0,2.7046875953674316,0.8159326426877876,0.17125508334312783,0.0,0.9859374761581421,0.9896373056994818,13.015544041450777,11.84374813062736,1.0,64.0,0.33025885820388795,22.0547055721283,-3.3966888710856438,171.25651187896727,82.22826766967773,160.83641052246094
2050,519702,5248000,226.27199472731135,36033,1.2105024870146404,0.7808328931275346,0.0,3.71875,0.4229137067767707,0.8196441330361498,0.0,2.7890625,0.7875887787138874,0.19217874507371327,0.0,0.9859374761581421,0.9772727272727273,14.943181818181818,13.029998564977118,1.0,64.0,0.41579163521528245,20.32400975227356,-1.9750035263597967,125.42446365356444,60.73306655883789,104.25923156738281
2060,521562,5273600,209.72156537719914,36167,1.1938322351167077,0.8273105378231125,0.0,3.71875,0.3928125012862055,0.8388469405650893,0.0,2.7890625,0.8010197365754529,0.19519848898663233,0.0,0.9859374761581421,0.9789473684210527,14.0,13.29146936552678,1.0,64.0,0.3278971709311008,20.17238006591797,-0.8831525441259146,141.33503475189207,69.78108596801758,131.74090194702148
2070,523495,5299200,211.3773858905805,36281,1.17905746288197,0.8251759875880083,0.0,3.606250047683716,0.3914818549028007,0.832254836984986,0.0,2.7046875953674316,0.7875756066973492,0.20241781823391952,0.0,0.9859374761581421,0.967741935483871,14.876344086021506,13.53056196410188,1.0,64.0,0.33684092834591867,18.180378437042236,-1.8253742307424545,155.46901893615723,75.90576171875,289.5058288574219
2080,525280,5324800,223.23274494936098,36400,1.006758929491043,0.6450447718795772,0.0,3.4937500953674316,0.210455356325422,0.6371430321581418,0.0,2.620312452316284,0.7963035731656211,0.21246745478318402,0.0,0.9859374761581421,0.9542857142857143,14.16,13.916387051653478,1.0,64.0,0.409195838868618,17.038648462295534,-0.3268382977694273,110.3445421218872,54.84134292602539,102.15151596069336
2090,527240,5350400,217.06419666653161,36512,1.175978806683387,0.8103520491153116,0.0,3.4937500953674316,0.37667025814111205,0.8248568620881485,0.0,2.620312452316284,0.7993085473433308,0.17393548850645776,0.0,0.9859374761581421,0.9885057471264368,14.189655172413794,12.011187643889597,1.0,64.0,0.4476911373436451,17.53485064506531,-2.7983167037367824,145.69452819824218,70.04446220397949,107.75923919677734
2100,529178,5376000,225.2254471978385,36626,1.2017238839691233,0.7947114450599108,0.0,3.549999952316284,0.3743838015856317,0.8240869701633287,0.0,2.6624999046325684,0.8273400805645705,0.16044940739746755,0.0,0.9859374761581421,0.9906103286384976,12.211267605633802,11.081323999670087,1.0,64.0,0.3699726425111294,19.855962324142457,-2.585483539476991,154.44758834838868,74.63461303710938,93.10340118408203
2110,530899,5401600,219.48365440910706,36753,1.14469476676611,0.7608610599823005,0.0,3.71875,0.3510719461496486,0.7822272469477513,0.0,2.7890625,0.7936228199233842,0.1848788316342182,0.0,0.9859374761581421,0.9883720930232558,14.593023255813954,12.809769080009994,1.0,64.0,0.45414372012019155,17.378402781486514,-2.3700915414839985,123.0033597946167,59.12704849243164,168.86536407470703
2120,532510,5427200,222.50861070844545,36869,1.1319726567715407,0.7663902409991293,0.0,3.4937500953674316,0.34945312663912775,0.7765964996272393,0.0,2.620312452316284,0.7825195319950581,0.21835736326539779,0.0,0.9859374761581421,0.975,15.2875,14.918272143582849,1.0,64.0,0.43438217341899876,17.408824825286864,-2.0273068279027937,134.9657325744629,65.45121765136719,213.12623596191406
2130,534349,5452800,216.0464670343881,36988,1.2688357492045659,0.8227421400256875,0.0,3.4375,0.48226943539410105,0.8642627529480541,0.0,2.578125,0.7865663134470219,0.18869472434578796,0.0,0.9859374761581421,0.9939024390243902,15.134146341463415,13.247882661126436,1.0,64.0,0.40459129139781,19.452015829086303,-2.9367300987243654,174.05716743469236,84.08780288696289,194.63235473632812
2140,536191,5478400,221.4693345603842,37101,1.2219302420965348,0.8542868699557806,0.0,3.6624999046325684,0.41598011327512335,0.8672171786225715,0.0,2.746875047683716,0.8059501279183109,0.17754475336543607,0.0,0.9859374761581421,0.98989898989899,13.727272727272727,12.315563104551309,1.0,64.0,0.37897503823041917,20.805045700073244,-2.126368311792612,166.16454830169678,80.95211791992188,220.46623992919922
2150,537979,5504000,221.68435392666422,37216,1.2622753931209445,0.8523622615270222,0.0,3.6624999046325684,0.47015624940395356,0.8815888431161543,0.0,2.746875047683716,0.7921191416680813,0.1693070195335503,0.0,0.9859374761581421,0.9875,14.69375,11.643129344703683,1.0,64.0,0.3770901665091515,23.076271343231202,-0.34183397311717273,136.8763807296753,68.09258842468262,87.60901641845703
2160,539624,5529600,220.7485215338713,37346,1.2346800999528558,0.8214143543422197,0.26875001192092896,3.4375,0.4526904629179712,0.8555156496135591,0.0,2.578125,0.78198964206072,0.16203679994406134,0.12812499701976776,0.9859374761581421,1.0,15.502958579881657,11.52261694694294,1.0,62.0,0.3480713300406933,21.558127307891844,-0.46212347522377967,164.11126194000246,81.59002304077148,368.40977478027344
2170,541143,5555200,141.58816543631383,37494,1.1594798623915488,0.7326070957081938,0.0,3.4937500953674316,0.397713925614453,0.7742554430164554,0.0,2.620312452316284,0.7617659383772204,0.1951228981452343,0.0,0.9859374761581421,0.9865771812080537,16.845637583892618,13.522402407685032,1.0,64.0,0.3888961181044579,20.92006583213806,0.545202197227627,100.65424032211304,50.86844253540039,276.84010314941406
2180,542856,5580800,152.03518991176992,37662,1.2584759066890738,0.8536347725830096,0.0,3.6624999046325684,0.45332576825632065,0.8800853565243552,0.0,2.746875047683716,0.8051501396814538,0.17539397423715541,0.0,0.9859374761581421,0.9888268156424581,13.776536312849162,12.125291323463077,1.0,64.0,0.352883280813694,21.419544029235837,-1.5170426383614541,149.74862575531006,73.35374450683594,207.32460021972656
2190,544498,5606400,139.01745508041554,37825,1.3092653517834625,0.8681812521490225,0.24062499403953552,3.6624999046325684,0.513870612571114,0.9061969707256028,0.0,2.746875047683716,0.7953947360752619,0.16279347219574017,0.17031249403953552,0.9859374761581421,1.0,14.549707602339181,11.576424794625268,1.0,59.0,0.3436658769845963,23.54706130027771,-1.0261995147913694,159.9877469062805,78.96423721313477,80.84349822998047
2200,545977,5632000,203.88607714371156,37951,1.2674461170517166,0.8342097867969976,0.0,3.7750000953674316,0.5253556033660626,0.8650690430408158,0.0,2.831249952316284,0.7420905159465198,0.21068708886517729,0.0,0.9859374761581421,0.9793103448275862,18.193103448275863,14.490090098348732,1.0,64.0,0.3890442259609699,21.293539810180665,-0.1334819197654724,125.86904602050781,62.79714775085449,233.2449951171875
2210,547451,5657600,217.8248665811265,38082,1.280292341016954,0.8990334810670291,0.0,3.4937500953674316,0.5303830625549439,0.9063540134379975,0.0,2.620312452316284,0.7499092758663239,0.2169625458355944,0.0,0.971875011920929,0.967741935483871,17.55483870967742,14.667999813279673,2.0,64.0,0.40061333775520325,21.399570560455324,-1.1265692859888077,132.8405478477478,65.2896957397461,155.5800666809082
